tv_name,watch_link,season,episodes,date_added,site_rank,Genre,Stars,IMDb,Director,Release,Country,Rating
Game of Thrones,https://fmovies.to/film/game-of-thrones.3yl2,8,6,2020-07-14,2,"Drama,Adventure,Fantasy","Peter Dinklage,Kit Harington,Emilia Clarke",9.3,"David Benioff,D.b. Weiss",2011-04-17,"United States,United Kingdom","6.3/20,443 times"
The Big Bang Theory,https://fmovies.to/film/the-big-bang-theory.n5x8,12,23,2020-07-14,16,"Comedy,Romance","Bob Newhart,Sara Gilbert,Kaley Cuoco,Wil Wheaton,Regina King,Melissa Rauch,Kate Micucci,Dean Norris,Lauren Lapkus,Pamela Adlon",8.1,"Mark Cendrowski,Anthony Rich,Peter Chakos,Nicole Lorre,James Burrows,Howard Murray,Gay Linvill,Kristy Cecil,Ted Wass,Andrew D. Weyman,Joel Murray",2006-05-01,United States,"6.2/5,406 times"
Power,https://fmovies.to/film/power.90q0,6,15,2020-07-14,21,"Drama,Crime","Naturi Naughton,Omari Hardwick,Lela Loren",8.2,Courtney Kemp Agboh,2014-06-07,United States,"5.8/2,292 times"
Stranger Things,https://fmovies.to/film/stranger-things.zmj2,3,8,2020-07-14,42,"Drama,Thriller,Horror","Winona Ryder,David Harbour,Millie Bobby Brown,Gaten Matarazzo,Charlie Heaton,Finn Wolfhard,Caleb McLaughlin,Natalia Dyer",8.8,"Matt Duffer,Ross Duffer",2016-07-15,United States,"6.6/12,105 times"
The Flash,https://fmovies.to/film/the-flash.w34k,6,19,2020-07-14,44,"Drama,Sci-Fi,Adventure,Action","Danielle Panabaker,Grant Gustin,Candice Patton,Carlos Valdes",7.7,...,2014-10-07,United States,"6.9/12,641 times"
Rick and Morty,https://fmovies.to/film/rick-and-morty.6vp4,4,10,2020-07-14,60,"Animation,Comedy,Sci-Fi,Adventure","Chris Parnell,Spencer Grammer,Justin Roiland",9.2,"Dan Harmon,Justin Roiland",2013-12-02,United States,"6.4/6,837 times"
The Walking Dead,https://fmovies.to/film/the-walking-dead.nql,10,15,2020-07-14,69,"Drama,Horror","Sarah Wayne Callies,Jon Bernthal,Andrew Lincoln",8.2,Frank Darabont,2010-10-31,United States,"6.8/3,207 times"
Grey's Anatomy,https://fmovies.to/film/greys-anatomy.n52n,16,21,2020-07-14,75,"Drama,Romance","Ellen Pompeo,Justin Chambers,Chandra Wilson",7.6,...,2005-03-27,United States,"5.8/2,399 times"
The Handmaid's Tale,https://fmovies.to/film/the-handmaids-tale.zljy2,3,13,2020-07-14,79,"Drama,Sci-Fi","Alexis Bledel,Yvonne Strahovski,Max Minghella,Joseph Fiennes,Sydney Sweeney,Elisabeth Moss,Sam Jaeger,Ever Carradine,Bradley Whitford,Robert Curtis Brown",8.5,"Mike Barker,Kari Skogland,Daina Reid,Reed Morano,Kate Dennis,Floria Sigismondi,Jeremy Podeswa,Amma Asante,Deniz Gamze Ergüven,Dearbhla Walsh,Colin Watkinson",2017-06-27,United States,"6.0/4,165 times"
Titans,https://fmovies.to/film/titans.6v629,2,13,2020-07-14,93,"Drama,Sci-Fi,Adventure,Action,Fantasy","Minka Kelly,Ryan Potter,Rachel Nichols,Reed Birney,Brenton Thwaites,Alan Ritchson,Iain Glen,Esai Morales,Seamus Dever,Conor Leslie",7.8,"Carol Banker,Akiva Goldsman,Alex Kalymnios,Kevin Rodney Sullivan,Glen Winter,Brad Anderson,John Fawcett,David Frazee,Meera Menon,Maja Vrvilo,Toa Fraser,Nick Gomez,Nathan Hope,Boris Mojsovski,Millicent Shelton,Larnell Stovall,Kevin Tancharoen",2019-01-11,United States,"6.5/4,445 times"
Queen of the South,https://fmovies.to/film/queen-of-the-south.w20o,4,13,2020-07-14,100,"Drama,Thriller,Crime","Gerardo Taracena,Hemky Madera,Veronica Falcón,Victoria Anuario,Annabelle Jones,Alexandra Nicole Piland,Adolfo Alvarez,Abby Glantz",7.9,...,2016-06-23,United States,"6.0/1,103 times"
Lucifer,https://fmovies.to/film/lucifer.2834,4,10,2020-07-14,118,"Drama,Crime,Fantasy","Lauren German,Tricia Helfer,Rebecca De Mornay,DB Woodside,Aimee Garcia,Tom Ellis,Lesley Ann Brandt,Michael Imperioli,Tim Dekay,Lochlyn Munro",8.2,"Nathan Hope,Louis Shaw Milito,Karen Gaviola,Eagle Egilsson,Greg Beeman,Tara Nicole Weyr,Sherwin Shilati,Claudia Yarmy,Lisa Demaine,Richard Speight Jr.,Mairzee Almas,Alrick Riley,Eduardo Sánchez,Kevin Alejandro,Sam Hill,Viet Nguyen,Len Wiseman,Matt Earl Be",2017-01-02,United States,"6.5/6,258 times"
Snowfall,https://fmovies.to/film/snowfall.llvl3,3,10,2020-07-14,120,"Drama,Crime","Jonathan Tucker,Deray Davis,Gail Bean,Michael Hyatt,Alon Aboutboul,Peta Sergeant,Melvin Gregg,Sergio Peris Mencheta,Amin Joseph,Emily Rios",8,"Daniel Attias,Michael Lehmann,John Singleton,Sunu Gonera,Solvan Naim,Adil El Arbi,Bilall Fallah,Logan Kibens,Alonso Alvarez,Zetna Fuentes,Meera Menon,Hiro Murai,Lawrence Trilling,Deborah Chow,Alex Graves,Clark Johnson,Erin Feeley,Tanya Hamilton,Carl Seato",1969-12-31,United States,"5.9/1,462 times"
Jane the Virgin,https://fmovies.to/film/jane-the-virgin.5p00,5,19,2020-07-14,123,Comedy,"Yael Grobglas,Gina Rodriguez,Andrea Navedo,Justin Baldoni,Ivonne Coll,Brett Dier,Jaime Camil,Anthony Mendez",7.8,...,2014-10-13,United States,"6.0/1,976 times"
Young Justice,https://fmovies.to/film/young-justice.723j,3,26,2020-07-14,129,"Drama,Animation,Sci-Fi,Adventure,Romance,Action","Danica McKellar,Nolan North,Jesse Mccartney",8.6,"Bob Kane,Paul Norris",2010-11-26,United States,"6.7/1,666 times"
The Good Doctor,https://fmovies.to/film/the-good-doctor.jjpq8,3,20,2020-07-14,133,Drama,"Sharon Leal,Freddie Highmore,Daniel Dae Kim,Teryl Rothery,Beau Garrett,Fiona Gubelmann,Tamlyn Tomita,Jasika Nicole,Nicholas Gonzalez,Elfina Luk",8.2,"Mike Listo,Steven DePaul,Michael Patrick Jann,Allison Liddi-Brown,Nestor Carbonell,David Straiton,Seth Gordon,Larry Teng,Marisol Adler,Steve Robin,Tara Nicole Weyr,Bill D'Elia,Freddie Highmore,David Shore,Alrick Riley,John Dahl,Bronwen Hughes,Joanna Kerns",2018-08-28,United States,"6.1/13,226 times"
Gotham,https://fmovies.to/film/gotham.p549,5,12,2020-07-14,146,"Drama,Thriller,Sci-Fi,Action,Crime,Mystery","Jada Pinkett Smith,Ben Mckenzie,Donal Logue,Camren Bicondova",7.8,...,2014-09-22,United States,"6.8/1,995 times"
Brooklyn Nine-Nine,https://fmovies.to/film/brooklyn-nine-nine.7k4y,7,13,2020-07-14,148,"Comedy,Crime","Terry Crews,Andy Samberg,Stephanie Beatriz",8.4,...,2013-09-17,United States,"6.2/4,548 times"
Legacies,https://fmovies.to/film/legacies.z178l,2,16,2020-07-14,153,"Drama,Adventure,Fantasy,Mystery,Horror","Nick Fink,Alexis Denisof,Erica Ash,Matthew Davis,Ben Levin,Bianca Kajlich,Karen David,Leo Howard,Douglas Tait,Jenny Boyd",7.5,"Michael Karasick,Geoffrey Wing Shotz,Angela Barnes Gomes,Michael A. Allowitz,Chris Grismer,Darren Grant,Jeffrey G. Hunt,Lauren Petzke,Barbara Brown,Julie Plec,Carol Banker,Mary Lou Belli,Nathan Hope,John Hyams,Brett Matthews,Bola Ogun,Tony Solomons,Paul W",2020-02-11,United States,"6.5/3,126 times"
Into the Badlands,https://fmovies.to/film/into-the-badlands.81yo,3,16,2020-07-14,156,"Drama,Adventure,Action","Daniel Wu,Sarah Bolger,Orla Brady",8,"Alfred Gough,Miles Millar",2015-11-15,United States,6.5/805 times
The Originals,https://fmovies.to/film/the-originals.r81q,5,13,2020-07-14,159,"Drama,Fantasy,Mystery,Horror","Claire Holt,Joseph Morgan,Daniel Gillies",8.2,Julie Plec,2013-10-03,United States,"6.3/3,972 times"
The Punisher,https://fmovies.to/film/the-punisher.l33wz,2,13,2020-07-14,160,"Drama,Thriller,Sci-Fi,Adventure,Action,Crime","Ben Barnes,Paul Schulze,Deborah Ann Woll,Corbin Bernsen,Shohreh Aghdashloo,Jon Bernthal,Annette Otoole,Floriana Lima,Josh Stewart,Mary Elizabeth Mastrantonio",8.5,"Jim O'Hanlon,Jeremy Webb,Jet Wilkinson,Andy Goddard,Tom Shankland,Antonio Campos,Kevin Hooks,Marc Jobst,Kari Skogland,Stephen Surjik,Dearbhla Walsh,Jamie M. Dagg,Alex Garcia Lopez,Stephen Kay,Iain B. MacDonald,Meera Menon,Michael Offer,Stacie Passon,Salli",2017-11-17,United States,"6.9/4,823 times"
Star Trek: Discovery,https://fmovies.to/film/star-trek-discovery.6vw6z,2,14,2020-07-14,161,Sci-Fi,"Ethan Peck,Jason Isaacs,James Frain,Michelle Yeoh,Doug Jones,Wilson Cruz,Anson Mount,Mia Kirshner,Tig Notaro,Shazad Latif",7.3,"Olatunde Osunsanmi,Jonathan Frakes,Douglas Aarniokoski,Hanelle M. Culpepper,David Barrett,Lee Rose,Akiva Goldsman,T.J. Scott,Maja Vrvilo,Christopher J. Byrne,Adam Kane,John Scott,David Semel,David Solomon,Marta Cunningham,Alex Kurtzman,Jon Dudkowski",2017-09-25,United States,"6.3/2,859 times"
The Blacklist,https://fmovies.to/film/the-blacklist.l3zq,7,19,2020-07-14,168,"Drama,Thriller,Romance,Crime,Mystery","James Spader,Megan Boone,Diego Klattenhoff",8,Jon Bokenkamp,2013-09-23,United States,"6.4/1,595 times"
Suits,https://fmovies.to/film/suits.zl02,9,10,2020-07-14,172,"Drama,Comedy","Gabriel Macht,Meghan Markle,Patrick J Adams",8.5,Aaron Korsh,2011-06-23,United States,"6.1/2,177 times"
Riverdale,https://fmovies.to/film/riverdale.zlynw,4,19,2020-07-14,174,Drama,"Molly Ringwald,Mädchen Amick,Skeet Ulrich,Vanessa Morgan,Luke Perry,Marisol Nichols,Lochlyn Munro,Cole Sprouse,Robin Givens,Mark Consuelos",7,"Gabriel Correa,Rob Seidenglanz,Kevin Rodney Sullivan,Lee Toland Krieger,Steven A. Adelson,David Katzenberg,Maggie Kiley,Dawn Wilkinson,Pamela Romanowsky,Gregory Smith,Rachel Talalay,Mark Piznarski,Jason Stone,Allison Anders,Jeffrey G. Hunt,Alex Pillai,Har",2017-01-27,United States,"6.6/16,425 times"
Animal Kingdom,https://fmovies.to/film/animal-kingdom.pxyx,4,13,2020-07-14,175,"Drama,Crime","Daniella Alonso,Scott Speedman,Ellen Barkin,Shawn Hatosy,Finn Cole,Molly Gordon,Aamya Deva Keroles,Ben Robson",8.2,...,2016-06-14,United States,6.0/613 times
Fear the Walking Dead,https://fmovies.to/film/fear-the-walking-dead.mpp,5,16,2020-07-14,177,"Drama,Thriller,Sci-Fi,Horror","Alycia Debnam Carey,Cliff Curtis,Kim Dickens,Mercedes Mason,Colman Domingo,Frank Dillane,Lorenzo James Henrie",6.9,"Dave Erickson,Robert Kirkman",2015-08-23,United States,"6.1/1,138 times"
Cobra Kai,https://fmovies.to/film/cobra-kai.xj41v,2,10,2020-07-14,200,"Drama,Comedy,Action,Family","Mary Mouser,Martin Kove,Ralph Macchio,Peyton List,Annalisa Cochrane,William Zabka,Jacob Bertrand,Courtney Henggeler,Vanessa Rubio,Bo Mitchell",8.8,"Jon Hurwitz,Hayden Schlossberg,Jennifer Celotta,Josh Heald,Steve Pink,Michael Grossman,Lin Oeding",2018-05-02,United States,"6.2/2,535 times"
Vikings,https://fmovies.to/film/vikings.30p8,6,10,2020-07-14,211,"Drama,Action,History,War","Gustaf Skarsgård,Travis Fimmel,Clive Standen",8.5,Michael Hirst,2013-03-03,"Canada,Ireland","6.3/2,947 times"
The Gifted,https://fmovies.to/film/the-gifted.6v0j9,2,16,2020-07-14,212,"Sci-Fi,Action,Fantasy","Coby Bell,Skyler Samuels,Jamie Chung,Garret Dillahunt,Peter Gallagher,Stephen Moyer,Blair Redford,Amy Acker,Emma Dumont,Percy Hynes White",7.4,"Scott Peters,Stephen Surjik,Robert Duncan McNeill,Steven DePaul,Craig Siebels,Michael Goi,Jeremiah S. Chechik,Liz Friedlander,Karen Gaviola,Bryan Singer,Len Wiseman,Allison Liddi-Brown,Nina Lopez-Corrado,Deran Sarafian,David Straiton,Jonathan Frakes,Maggi",2017-12-29,United States,"6.2/3,219 times"
Star,https://fmovies.to/film/star.jv8kn,3,18,2020-07-14,217,"Drama,Music","Brandy Norwood,Chad Michael Murray,Benjamin Bratt,Quincy Brown,Stephen Dorff,Queen Latifah,Keke Palmer,Evan Ross,Harold Perrineau,Elijah Kelley",6.7,"John Krokidas,Chris Robinson,Bille Woodruff,Paul McCrane,Tamra Davis,Lee Daniels,Millicent Shelton,Kevin Tancharoen,Scott Peters,Tasha Smith,Michael Schultz,J. Miller Tobin,Rose Troche,Janice Cooke,Cheryl Dunye,Ruben Garcia,Salli Richardson-Whitfield,Jami",2016-12-14,United States,"6.5/1,066 times"
How to Get Away with Murder,https://fmovies.to/film/how-to-get-away-with-murder.w3y6,6,15,2020-07-14,218,"Drama,Thriller,Crime,Mystery","Billy Brown,Viola Davis,Alfred Enoch",8.1,Peter Nowalk,2014-09-25,United States,"6.1/2,068 times"
Friends,https://fmovies.to/film/friends.vv866,10,17,2020-07-14,224,"Comedy,Romance","Matt LeBlanc,Aisha Tyler,Hank Azaria,Giovanni Ribisi,Jon Favreau,Jennifer Aniston,Paul Rudd,Matthew Perry,Courteney Cox,Helen Baxendale",8.9,"Gary Halvorson,Kevin Bright,Michael Lembeck,James Burrows,Gail Mancuso,Peter Bonerz,David Schwimmer,Ben Weiss,Robby Benson,Shelley Jensen,Terry Hughes,Dana De Vally Piazza,Sheldon Epps,Pamela Fryman,Alan Myerson,Thomas Schlamme,Steve Zuckerman,Roger Chris",1996-04-16,United States,"6.2/8,916 times"
Young Sheldon,https://fmovies.to/film/young-sheldon.jjpmy,3,21,2020-07-14,226,Comedy,"Ed Begley Jr,Bob Newhart,Melissa Peterman,Billy Gardell,Craig T Nelson,Jim Parsons,Brian Stepanek,Annie Potts,Wallace Shawn,Rex Linn",7.4,"Jaffar Mahmood,Alex Reid,Chris Koch,Howard Deutch,Mark Cendrowski,Rebecca Asher,Michael Zinberg,Jude Weng,Jon Favreau,Peter Lauer,Don Scardino,Jonathan Judge,Richie Keen,Nicole Lorre,Beth McCarthy-Miller,Melissa Joan Hart,Lea Thompson",2018-06-25,United States,"5.7/10,050 times"
Modern Family,https://fmovies.to/film/modern-family.ylvx,11,17,2020-07-14,228,"Comedy,Romance","Julie Bowen,Ed Oneill,Sofía Vergara,Ty Burrell,Eric Stonestreet,Jesse Tyler Ferguson,Rico Rodriguez,Nolan Gould",8.4,"Steven Levitan,Christopher Lloyd",2009-09-23,United States,"6.2/2,751 times"
Big Little Lies,https://fmovies.to/film/big-little-lies.prlv6,2,7,2020-07-14,236,"Drama,Comedy,Crime","Nicole Kidman,Meryl Streep,Reese Witherspoon,Shailene Woodley,Merrin Dungey,Laura Dern,Adam Scott,Alexander Skarsgård,Pj Byrne,Ivy George",8.5,"Jean-Marc Vallée,Andrea Arnold",2017-02-20,United States,"6.1/2,625 times"
Supernatural,https://fmovies.to/film/supernatural.9qmx,15,13,2020-07-14,238,"Drama,Thriller,Fantasy,Mystery,Horror","Jensen Ackles,Jared Padalecki,Jim Beaver",8.4,...,2005-09-13,United States,"6.8/3,649 times"
Supergirl,https://fmovies.to/film/supergirl.486k,5,19,2020-07-14,239,"Sci-Fi,Adventure,Action","Chyler Leigh,Mehcad Brooks,Melissa Benoist",6.3,"Ali Adler,Greg Berlanti,Andrew Kreisberg",2015-10-26,United States,"6.8/4,680 times"
Peaky Blinders,https://fmovies.to/film/peaky-blinders.90vn,5,6,2020-07-14,242,Drama,"Cillian Murphy,Paul Anderson,Sam Neill",8.8,Steven Knight,2014-09-30,United Kingdom,"6.6/1,708 times"
American Gods,https://fmovies.to/film/american-gods.vv1z7,2,8,2020-07-14,244,"Drama,Fantasy,Mystery","Crispin Glover,Chris Obi,Orlando Jones,Ian McShane,Emily Browning,Pablo Schreiber,Omid Abtahi,Beth Grant,Gillian Anderson,Cloris Leachman",7.8,"David Slade,Adam Kane,Christopher J. Byrne,Vincenzo Natali,Floria Sigismondi,Craig Zobel,Paco Cabezas,Deborah Chow,Stacie Passon,Salli Richardson-Whitfield,Rachel Talalay,Frederick E.O. Toye,Tim Southam,Mark Tinker",2017-05-01,United States,"6.8/4,212 times"
Shameless,https://fmovies.to/film/shameless.1z9x,10,12,2020-07-14,248,"Drama,Comedy","Emmy Rossum,William H Macy,Ethan Cutkosky",8.6,"John Wells,Paul Abbott",2011-01-09,United States,"6.1/2,184 times"
The Vampire Diaries,https://fmovies.to/film/the-vampire-diaries.23v4,8,16,2020-07-14,251,"Drama,Thriller,Romance,Fantasy,Mystery,Horror","Paul Wesley,Ian Somerhalder,Nina Dobrev",7.7,"Julie Plec,Kevin Williamson",2009-09-10,United States,"6.3/8,496 times"
Arrow,https://fmovies.to/film/arrow.x58v,8,10,2020-07-14,254,"Drama,Sci-Fi,Adventure,Action,Crime,Mystery","Katie Cassidy,John Barrowman,Stephen Amell,David Ramsey,Paul Blackthorne,Willa Holland,Emily Bett Rickards,Colton Haynes",7.6,"Greg Berlanti,Marc Guggenheim,Andrew Kreisberg",2012-10-10,United States,"6.7/4,634 times"
American Horror Story,https://fmovies.to/film/american-horror-story.3vw9,9,9,2020-07-14,261,"Drama,Thriller,Horror","Jessica Lange,Sarah Paulson,Evan Peters",8,...,2011-10-05,United States,"6.3/1,751 times"
Money Heist,https://fmovies.to/film/money-heist.7wy6y,4,8,2020-07-14,264,"Thriller,Action,Crime,Mystery","Rodrigo De la Serna,Fernando Cayo,Najwa Nimri,Luka Peros,Alba Flores,Pedro Alonso,Fernando Soto,Paco Tous,Álvaro Morte,Jaime Lorente",8.4,"JesÃºs Colmenar,Alex Rodrigo,Koldo Serra,Alejandro Bazzano,Javier Quintas,Miguel Ãngel Vivas",2017-12-20,Spain,"6.1/6,142 times"
Avatar: The Last Airbender,https://fmovies.to/film/avatar-the-last-airbender.rn9m,3,21,2020-07-14,269,"Animation,Adventure,Action,Fantasy,Family,Mystery","Dante Basco,Dee Bradley Baker,Mae Whitman,Mako,Zach Tyler,Jack De Sena,Jessie Flower",9.2,"Michael Dante DiMartino,Bryan Konietzko",2006-09-19,United States,"6.7/2,498 times"
Sacred Games,https://fmovies.to/film/sacred-games.oo7k4,2,8,2020-07-14,273,"Drama,Crime","Radhika Apte,Nawazuddin Siddiqui,Rajshri Deshpande,Neeraj Kabi,Luke Kenny,Surveen Chawla,Kalki Koechlin,Amruta Subhash,Sameer Kochhar,Anupriya Goenka",8.7,"Anurag Kashyap,Vikramaditya Motwane,Neeraj Ghaywan",2018-07-06,"United States,India","5.8/4,683 times"
Teen Wolf,https://fmovies.to/film/teen-wolf.5wz0,6,20,2020-07-14,280,"Drama,Thriller,Comedy,Romance,Action,Horror","Dylan Obrien,Tyler Posey,Linden Ashby",7.6,Jeff Davis,2011-06-05,United States,"6.4/4,710 times"
The Orville,https://fmovies.to/film/the-orville.ooo2j,2,14,2020-07-14,282,"Drama,Comedy,Sci-Fi,Adventure","Victor Garber,Seth MacFarlane,Adrianne Palicki,Michaela Mcmanus,Ted Danson,Scott Grimes,Kelly Hu,Will Sasso,Rena Owen,Norm Macdonald",8,"Jon Cassar,Brannon Braga,Seth MacFarlane,Kelly Cronin,Jonathan Frakes,Robert Duncan McNeill,Gary S. Rake,Jamie Babbit,James L. Conway,Jon Favreau,Tucker Gates,Kevin Hooks,Rebecca Rodriguez",2018-10-01,United States,"6.9/1,886 times"
All American,https://fmovies.to/film/all-american.0r6zk,2,16,2020-07-14,298,"Drama,Sport","Taye Diggs,Casper Van Dien,Monet Mazur,Cody Christian,Corey Reynolds,Lahmard J Tate,Hunter Clowdus,Brent Jennings,Samantha Logan,Jordan Belfi",7.7,"David McWhirter,Rob Hardy,Michael Schultz,Dawn Wilkinson,Benny Boom,Elodie Keene,Rose Troche,Sheelin Choksey,Darren Grant,Salli Richardson-Whitfield,Elizabeth Allen Rosenbaum,Geoffrey Wing Shotz,Gregg Simon,Kevin Rodney Sullivan,Kristin Windell,Avi Youabi",2018-10-10,United States,"6.4/1,059 times"
S.W.A.T.,https://fmovies.to/film/swat.xjx1z,3,21,2020-07-14,304,"Drama,Thriller,Adventure,Action,Crime","Michael Beach,Bre Blair,Rochelle Aytes,Louis Ferreira,Debbie Allen,Sherilyn Fenn,Shemar Moore,Daniel Lissing,Alex Russell,Peter Facinelli",7,"Billy Gierhart,Guy Ferland,John F. Showalter,Larry Teng,Greg Beeman,Douglas Aarniokoski,Hanelle M. Culpepper,Rob Greenlea,Nina Lopez-Corrado,David Rodriguez,Marc Roskin,Laura Belsey,Oz Scott,Alrick Riley,Holly Dale,Eagle Egilsson,Justin Lin,Lexi Alexander",2019-01-08,United States,"6.1/2,567 times"
Sex Education,https://fmovies.to/film/sex-education.1rkvq,2,8,2020-07-14,323,"Drama,Comedy","Asa Butterfield,Alistair Petrie,Jim Howick,Anne Marie Duff,Gillian Anderson,Mikael Persbrandt,Kedar Williams Stirling,Samantha Spiro,Sharon Duncan Brewster,Joe Wilkinson",8.3,"Ben Taylor,Kate Herron,Sophie Goodhart,Alice Seabright",2019-01-11,"United States,United Kingdom","6.2/3,400 times"
True Detective,https://fmovies.to/film/true-detective.6404,3,8,2020-07-14,326,"Drama,Thriller,Crime,Mystery","Colin Farrell,Vince Vaughn,Rachel McAdams",9,Nic Pizzolatto,2014-01-12,United States,"6.9/1,169 times"
Family Guy,https://fmovies.to/film/family-guy.qovw,18,20,2020-07-14,329,"Animation,Comedy","Seth Green,Patrick Warburton,Mila Kunis,Seth MacFarlane,Alex Borstein,Mike Henry,John Viener,Danny Smith",8.1,"Seth MacFarlane,David Zuckerman",1999-01-31,United States,6.8/789 times
Daredevil,https://fmovies.to/film/daredevil.jj9y,3,13,2020-07-14,334,"Drama,Action,Crime","Vincent Donofrio,Charlie Cox,Deborah Ann Woll",8.6,Drew Goddard,2015-04-10,United States,"7.2/2,120 times"
Chicago P.D.,https://fmovies.to/film/chicago-pd.6wv7,7,20,2020-07-14,335,"Drama,Action","Jason Beghe,Sophia Bush,Jon Seda",8.1,"Derek Haas,Matt Olmstead,Dick Wolf,Michael Brandt",2014-01-08,United States,6.1/893 times
Krypton,https://fmovies.to/film/krypton.v5xk6,2,10,2020-07-14,338,"Drama,Sci-Fi,Adventure,Action","Rasmus Hardiker,Ian McElhinney,Emmett J Scanlan,Sarah Armstrong,Georgina Campbell,Kae Alexander,Shaun Sipos,Elliot Cowan,Sonita Henry,Aoibhinn McGinnity",6.9,"Metin HÃ¼seyin,Julius Ramsay,Marc Roskin,Ciaran Donnelly,Keith Boak,Kate Dennis,Lukas Ettlin,Colm McCarthy,Steve Shill,Clare Kilner,Ruba Nadda,Erica Watson,Cameron Welsh",2019-05-14,United States,"5.9/2,560 times"
This Is Us,https://fmovies.to/film/this-is-us.w1qn4,4,18,2020-07-14,340,"Drama,Comedy","Milo Ventimiglia,Mandy Moore,Sterling K Brown,Griffin Dunne,Jon Huertas,Alexandra Breckenridge,Tim Jo,Chris Sullivan,Chrissy Metz,Justin Hartley",8.7,"Ken Olin,Chris Koch,Glenn Ficarra,John Requa,Kevin Hooks,George Tillman Jr.,Rebecca Asher,Uta Briesewitz,John Fortenberry,Catherine Hardwicke,Sarah Boyd,Roxann Dawson,Anne Fletcher,Sarah Pia Anderson,Silas Howard,Helen Hunt,Craig Zisk,Timothy Busfield,Reg",2016-10-30,United States,"6.3/2,561 times"
Dynasty,https://fmovies.to/film/dynasty.xj13v,3,20,2020-07-14,341,Drama,"Elaine Hendrix,Nicollette Sheridan,Daniella Alonso,Kelly Rutherford,Elizabeth Gillies,Michael Patrick Lane,Sharon Lawrence,Alan Dale,Hakeem Kae Kazim,Michael Michele",7.3,"Matt Earl Beesley,Michael A. Allowitz,Jeffrey W. Byrd,Pascal Verschooris,Brandi Bradburn,Kenny Leon,Melanie Mayron,Brad Silberling,Viet Nguyen,Elodie Keene,Kellie Cyrus,Cherie Nowlan,Lee Rose,Kevin Rodney Sullivan,Steven A. Adelson,Mary Lou Belli,Tessa Bl",2017-10-12,United States,"5.5/2,628 times"
Orange Is the New Black,https://fmovies.to/film/orange-is-the-new-black.oo1j,7,13,2020-07-14,344,"Drama,Comedy,Crime","Taylor Schilling,Taryn Manning,Danielle Brooks",8.1,Jenji Kohan,2013-07-11,United States,"5.9/2,054 times"
Lethal Weapon,https://fmovies.to/film/lethal-weapon.rloyq,3,15,2020-07-14,345,"Drama,Thriller,Action,Crime","Seann William Scott,Jonathan Sadowski,Hilarie Burton,Thomas Lennon,Jordana Brewster,Andrew Creer,Clayne Crawford,Damon Wayans,Mykelti Williamson,Maggie Lawson",7.9,"Steve Boyum,Nick Copus,Rob Bailey,Nathan Hope,Eric Laneuville,Larry Teng,Matt Barber,John Behring,Jason Ensler,McG,Antonio Negret,Rob Seidenglanz,Uta Briesewitz,Michael Fields,Omar Madha,Salli Richardson-Whitfield,Bethany Rooney,Sylvain White,Clayne Crawf",2017-05-02,United States,"7.0/1,989 times"
Breaking Bad,https://fmovies.to/film/breaking-bad.xjnw,5,16,2020-07-14,346,"Drama,Thriller,Crime","Bryan Cranston,Aaron Paul,Anna Gunn",9.5,Vince Gilligan,2008-01-20,United States,"6.7/3,117 times"
Empire,https://fmovies.to/film/empire.80yn,6,18,2020-07-14,348,"Drama,Music","Taraji P Henson,Terrence Howard,Jussie Smollett",7.4,"Lee Daniels,Danny Strong",2015-01-07,United States,"6.1/1,521 times"
Westworld,https://fmovies.to/film/westworld.801pn,3,8,2020-07-14,355,"Thriller,Sci-Fi,Western","Rodrigo Santoro,Evan Rachel Wood,Vincent Cassel,Ben Barnes,Simon Quarterman,Jonathan Tucker,Ed Harris,Anthony Hopkins,Thandie Newton,Jeffrey Wright",8.7,"Richard J. Lewis,Jonathan Nolan,Frederick E.O. Toye,Vincenzo Natali,Stephen Williams,Jennifer Getzinger,Jonny Campbell,Michelle MacLaren,Neil Marshall,Uta Briesewitz,Lisa Joy,Nicole Kassell,Tarik Saleh,Craig Zobel,Paul Cameron,Anna Foerster,Amanda Marsali",2016-10-03,United States,"6.9/6,055 times"
Prison Break,https://fmovies.to/film/prison-break.lxrz,5,9,2020-07-14,358,"Drama,Thriller,Action,Crime,Mystery","Dominic Purcell,Wentworth Miller,Amaury Nolasco",8.3,Paul Scheuring,2005-08-29,United States,"6.1/3,864 times"
The Office,https://fmovies.to/film/the-office.qnpj,9,25,2020-07-14,359,Comedy,"Rainn Wilson,John Krasinski,Jenna Fischer",8.9,"Greg Daniels,Ricky Gervais,Stephen Merchant",2005-03-24,United States,"6.2/1,704 times"
SEAL Team,https://fmovies.to/film/seal-team.nrpzn,3,20,2020-07-14,363,"Drama,Action,War","Max Thieriot,C Thomas Howell,Michaela Mcmanus,Adelaide Kane,David Boreanaz,Aj Buckley,Tamala Jones,Alona Tal,Jamie McShane,Michael McGrady",7.5,"Christopher Chulack,Ruben Garcia,James M. Muro,Larry Teng,Michael W. Watkins,Gonzalo Amat,David Boreanaz,Holly Dale,Allison Liddi-Brown,John Dahl,Ian Toynton,FÃ©lix EnrÃ­quez AlcalÃ¡,Melanie Mayron,Thomas Carter,Kenneth Fink,Nelson McCormick,Silver Tree,J",2018-10-27,United States,"6.1/2,198 times"
Elementary,https://fmovies.to/film/elementary.r1vo,7,13,2020-07-14,371,"Drama,Crime,Mystery","Lucy Liu,Aidan Quinn,Jonny Lee Miller",7.9,...,2012-09-27,United States,6.3/941 times
Mayans M.C.,https://fmovies.to/film/mayans-mc.8n5rn,2,10,2020-07-14,377,"Drama,Thriller,Crime","Edward James Olmos,Danny Pino,Sarah Bolger,Emilio Rivera,Raoul Max Trujillo,Jd Pardo,Edwin Hodge,Ray McKinnon,Tony Plana,Michael Irby",7.5,"Guy Ferland,Norberto Barba,Rachel Goldberg,Elgin James,Batan Silva,Peter Weller,Kevin Dowling,Hanelle M. Culpepper,FÃ©lix EnrÃ­quez AlcalÃ¡,Allison Anders,Rebecca Rodriguez",2018-09-05,United States,6.1/817 times
South Park,https://fmovies.to/film/south-park.jvyx2,23,10,2020-07-14,385,"Animation,Comedy","Bill Hader,Vernon Chatman,Mary Kay Bergman,Mona Marshall,Trey Parker,Matt Stone,Isaac Hayes,April Stewart,Eric Stough,Elisa Gabrielli",8.7,"Trey Parker,Eric Stough,Matt Stone,Adrien Beard,Toni Wurts",1999-06-29,United States,6.9/616 times
The Rookie,https://fmovies.to/film/the-rookie.8nv0y,2,20,2020-07-14,397,"Drama,Crime","Michael Beach,Shawn Ashmore,Ali Larter,Sarah Shahi,Nathan Fillion,Enver Gjokaj,Daniel Lissing,Richard T Jones,Harold Perrineau,Sara Rue",8.1,"Michael Goi,Sylvain White,Liz Friedlander,Toa Fraser,Bill Roe,Bill Johnson,David McWhirter,Greg Beeman,Timothy Busfield,Adam Davidson,Nelson McCormick,Cherie Nowlan,Carol Banker,Rob Bowman,Barbara Brown,Lisa Demaine,Rachel Feldman,John Fortenberry,Leslie",2019-07-05,United States,7.1/818 times
DC's Legends of Tomorrow,https://fmovies.to/film/dcs-legends-of-tomorrow.5860,5,15,2020-07-14,398,"Sci-Fi,Action","Victor Garber,Brandon Routh,Caity Lotz",6.8,...,2016-01-21,United States,"6.6/2,882 times"
You,https://fmovies.to/film/you.9262m,2,10,2020-07-14,409,"Drama,Thriller,Crime","Saffron Burrows,Penn Badgley,John Stamos,Chris Delia,Lou Taylor Pucci,Ambyr Childers,Jenna Ortega,Charlie Barnett,Adwin Brown,Mark Blum",7.8,"Marcos Siega,Silver Tree,Lee Toland Krieger,Marta Cunningham,Kellie Cyrus,Erin Feeley,Victoria Mahoney,Martha Mitchell,DeMane Davis,Harry Jierjian,Shannon Kohli,Meera Menon,Cherie Nowlan,John Scott,Kevin Rodney Sullivan",2018-12-26,United States,"5.9/2,458 times"
Hawaii Five-0,https://fmovies.to/film/hawaii-five-0.08p5,10,22,2020-07-14,410,"Drama,Action,Crime","Scott Caan,Daniel Dae Kim,Alex OLoughlin",7.3,"Leonard Freeman,Alex Kurtzman,Peter M. Lenkov",2010-09-20,United States,6.5/910 times
FBI,https://fmovies.to/film/fbi.4j6lm,2,19,2020-07-14,414,"Drama,Crime","Nina Lisandrello,Sela Ward,Alana De La Garza,Jeremy Sisto,Missy Peregrym,Jay Klaitz,Anthoula Katsimatides,James Chen,Mark McKinnon,Ebonee Noel",6.7,"Jean de Segonzac,Alex Chapple,Norberto Barba,Fred Berner,Arthur W. Forney,Nick Gomez,Nicole Rubio,Emile B. Levisetti,Terry Miller,Charles S. Carroll,Stephen Surjik,Monica Raymund,Charlotte BrÃ¤ndstrÃ¶m,Niels Arden Oplev,Edward Ornelas,Milena Govich,Vincen",2019-10-08,United States,6.4/848 times
Atlanta,https://fmovies.to/film/atlanta.ll30m,2,11,2020-07-14,416,Comedy,"Donald Glover,Harold House Moore,Cranston Johnson,Robert Powell,RJ Walker,Terri Abney,Cassandra Freeman,Lakeith Stanfield,Zazie Beetz,Griffin Freeman",8.6,"Hiro Murai,Donald Glover,Amy Seimetz,Janicza Bravo",2017-05-05,United States,"6.6/1,426 times"
Ballers,https://fmovies.to/film/ballers.38xy,5,8,2020-07-14,425,"Drama,Comedy,Sport","Dwayne Johnson,Troy Garity,John David Washington,Donovan W Carter",7.6,...,2015-06-21,United States,6.1/765 times
Pretty Little Liars,https://fmovies.to/film/pretty-little-liars.48mo,7,21,2020-07-14,428,"Drama,Thriller,Mystery","Ashley Benson,Lucy Hale,Troian Bellisario",7.4,I. Marlene King,2010-06-08,United States,"6.1/5,500 times"
"""The Geekly News"" GEEKLY NEWS - SUPERGIRL, CAPTAIN AMERICA 3, ARROW, WOLVERINE and MORE!!!",https://fmovies.to/film/quotthe-geekly-newsquot-geekly-news-supergirl-captain-america-3-arrow-wolverine-and-more.q903,3,23,2020-07-14,430,"Action,Crime","Katie Cassidy,Stephen Amell,David Ramsey",0,"Greg Berlanti,Marc Guggenheim,Andrew Kreisberg",2014-09-10,United States,"6.6/2,929 times"
The Resident,https://fmovies.to/film/the-resident.0r3l5,3,20,2020-07-14,438,Drama,"Merrin Dungey,Morris Chestnut,Jane Leeves,Bruce Greenwood,Michael Weston,Corbin Bernsen,Moran Atias,Emily Vancamp,Julianna Guill,Manish Dayal",7.6,"Rob Corn,David Crabtree,Jann Turner,Bronwen Hughes,Paul McCrane,James Roday,Edward Ornelas,Kelli Williams,Rob Greenlea,James Whitmore Jr.,Phillip Noyce,Satya Bhabha,Timothy A. Good,Thomas Carter,Bill D'Elia,Geary McLeod,David Rodriguez,Elizabeth Allen Ros",2019-02-05,United States,"5.6/1,719 times"
Mr. Robot,https://fmovies.to/film/mr-robot.59xq,4,13,2020-07-14,439,"Drama,Crime","Christian Slater,Rami Malek,Portia Doubleday",8.5,Sam Esmail,2015-06-24,United States,"6.9/2,693 times"
Chicago Fire,https://fmovies.to/film/chicago-fire.r2rn,8,20,2020-07-14,443,"Drama,Action","Eamonn Walker,Jesse Spencer,Taylor Kinney,Monica Raymund,Yuri Sardarov,Christian Stolte,Randy Flagler,Joe Minoso",7.9,"Michael Brandt,Derek Haas",2012-10-10,United States,6.2/943 times
Queen Sugar,https://fmovies.to/film/queen-sugar.ojoyz,4,13,2020-07-14,444,Drama,"Alimi Ballard,Erica Tazel,Tina Lifford,David Jensen,Annalee Jefferies,Bianca Lawson,Henry G Sanders,Kofi Siriboe,Omar J Dorsey,Nicholas L Ashe",7.7,"Kat Candler,DeMane Davis,Cheryl Dunye,Neema Barnette,Ava DuVernay,Tina Mabry,Salli Richardson-Whitfield,Julie Dash,Amanda Marsalis,Ayoka Chenzira,Tanya Hamilton,So Yong Kim,Victoria Mahoney,Garrett Bradley,Aurora Guerrero,Maryam Keshavarz,Liesl Tommy,Chri",2016-09-06,United States,6.4/578 times
Shadowhunters,https://fmovies.to/film/shadowhunters.j624,3,22,2020-07-14,452,"Drama,Action,Fantasy","Katherine Mcnamara,Dominic Sherwood,Alberto Rosende",6.6,...,2016-01-12,United States,"6.4/2,410 times"
How I Met Your Mother,https://fmovies.to/film/how-i-met-your-mother.v7l6,9,24,2020-07-14,464,"Comedy,Romance","Josh Radnor,Jason Segel,Cobie Smulders",8.3,"Carter Bays,Craig Thomas",2005-09-19,United States,"6.1/3,988 times"
Claws,https://fmovies.to/film/claws.2o1m4,3,10,2020-07-14,471,"Drama,Comedy,Crime","Judy Reyes,Franka Potente,Niecy Nash,Dale Dickey,Carrie Preston,Dean Norris,Jimmy Jean Louis,Morgan Lily,Juan Riedinger,Karrueche Tran",7.3,"Dale Stern,Jamie Travis,Howard Deutch,Marta Cunningham,Nicole Kassell,Clare Kilner,Tricia Brock,Victoria Mahoney,Shira Piven,Cheryl Dunye,Cherie Nowlan,Bille Woodruff,Sheree Folkson,Niecy Nash,Carrie Preston,Erica Watson",2017-06-11,United States,5.8/872 times
Shooter,https://fmovies.to/film/shooter.jv1jy,3,13,2020-07-14,473,"Drama,Action","Omar Epps,Beverly DAngelo,Ryan Phillippe,Tom Sizemore,Troy Garity,Eddie Mcclintock,Rob Brown,Jesse Bradford,John Marshall Jones,Gerald Mcraney",7.5,"David Straiton,Simon Cellan Jones,Christoph Schrewe,Jaime Reynoso,Chloe Domont,Yuval Adler,Adam Davidson,Roxann Dawson,Kevin Bray,Lukas Ettlin,Hanelle M. Culpepper,Jessica Lowrey,Ami Canaan Mann,Amanda Marsalis,Millicent Shelton",2017-03-05,United States,"7.1/1,633 times"
Star Wars: The Clone Wars,https://fmovies.to/film/star-wars-the-clone-wars.lxyn,7,12,2020-07-14,484,"Drama,Animation,Sci-Fi,Adventure,Action,Fantasy","Matt Lanter,Dee Bradley Baker,Tom Kane",8.2,George Lucas,2008-10-03,United States,6.8/941 times
The Good Place,https://fmovies.to/film/the-good-place.m2j3v,4,13,2020-07-14,488,Comedy,"Kristen Bell,Jama Williamson,Maya Rudolph,Steve Berg,Ted Danson,Adam Scott,Mike Omalley,Benjamin Koldyke,Tiya Sircar,Rebecca Hazlewood",8.2,"Dean Holland,Beth McCarthy-Miller,Morgan Sackett,Drew Goddard,Michael Schur,Trent O'Donnell,Jude Weng,Rebecca Asher,Linda Mendoza,Payman Benz,Tucker Gates,Michael McDonald,Tristram Shapeero,Lynn Shelton,Julie Anne Robinson,Claire Scanlon,Alan Yang,Anya Ad",2017-09-21,United States,6.1/908 times
9-1-1,https://fmovies.to/film/9-1-1.0r3q9,3,18,2020-07-14,497,"Drama,Thriller,Action","Peter Krause,Angela Bassett,Ryan Guzman,Jennifer Love Hewitt,Rockmond Dunbar,Kenneth Choi,Connie Britton,Claudia Christian,Debra Christofferson,Corinne Massiah",7.7,"Bradley Buecker,Jennifer Lynch,Gwyneth Horder-Payton,Sarah Boyd,Barbara Brown,John J. Gray,Millicent Shelton,Joaquin Sedillo,Varda Bar-Kar,Kevin Hooks,Maggie Kiley,Loni Peristere,Alonso Alvarez,Chad Lowe,Tina Mabry,Tasha Smith,Marcus Stokes,Jann Turner,Ma",2019-03-28,United States,"6.1/1,099 times"
Scorpion,https://fmovies.to/film/scorpion.prr4,4,22,2020-07-14,501,"Drama,Action","Robert Patrick,Katharine Mcphee,Eddie Kaye Thomas,Elyes Gabel,Jadyn Wong,Ari Stidham,Riley B Smith",7.1,...,2014-09-22,United States,6.5/975 times
Wentworth,https://fmovies.to/film/wentworth.qnxn,7,10,2020-07-14,506,"Drama,Crime","Danielle Cormack,Nicole da Silva,Kate Atkinson",8.6,"Reg Watson,Lara Radulovich",2013-05-01,Australia,6.2/247 times
Charmed,https://fmovies.to/film/charmed.8nvky,2,19,2020-07-14,507,"Drama,Fantasy","Natalie Hall,Sarah Jeffery,Poppy Drayton,Rupert Evans,Leah Pipes,Eric Balfour,Melonie Diaz,Peyton List,Rya Kihlstedt,Madeleine Mantock",4.5,"Vanessa Parise,Stuart Gillard,Michael A. Allowitz,Jeffrey W. Byrd,Melanie Mayron,Brad Silberling,Joseph E. Gallagher,Amyn Kaderali,Michael Lange,Jamie Travis,Anya Adams,Greg Beeman,Tessa Blake,Brandi Bradburn,Norman Buckley,Kenneth Fink,Megan Follows,Nick",2018-10-14,United States,"6.2/1,405 times"
Better Call Saul,https://fmovies.to/film/better-call-saul.jjxy,5,10,2020-07-14,510,"Drama,Crime","Jonathan Banks,Bob Odenkirk,Rhea Seehorn",8.7,"Vince Gilligan,Peter Gould",2015-02-08,United States,7.0/825 times
New Amsterdam,https://fmovies.to/film/new-amsterdam.xjn08,2,18,2020-07-14,514,Drama,"Ron Rifkin,Tyler Labine,Anupam Kher,Jj Feild,Freema Agyeman,Janet Montgomery,Zabryna Guevara,Ryan Eggold,Jocko Sims,Debra Monk",8.1,"Michael Slovis,Darnell Martin,Peter Horton,Jamie Payne,Laura Belsey,Kate Dennis,Kristi Zea,Nick Gomez,Ellen S. Pressman,Don Scardino,Craig Zisk,Andrew McCarthy,Jonas Pate,Thomas Carter,Stephen Kay,So Yong Kim,Rachel Leiterman,Ryan Eggold,Allison Liddi-Bro",2019-11-27,United States,6.2/733 times
The Legend of Korra,https://fmovies.to/film/the-legend-of-korra.m2ow7,4,13,2020-07-14,515,"Drama,Animation,Sci-Fi,Adventure,Action,Fantasy,Family","Kiernan Shipka,Jeff Bennett,Anne Heche,Grey Griffin,James Remar,Dee Bradley Baker,Henry Rollins,Steve Blum,Darcy Rose Byrnes,Jk Simmons",8.4,"Ian Graham,Colin Heck,Joaquim Dos Santos,Ki Hyun Ryu,Melchior Zwyer,Michael Dante DiMartino",2012-09-19,United States,"6.4/1,469 times"
The 100,https://fmovies.to/film/the-100.4wzo,7,8,2020-07-14,516,"Drama,Sci-Fi,Mystery","Eli Goree,Eliza Taylor,Thomas Mcdonell",7.7,Jason Rothenberg,2014-03-19,United States,"6.3/3,027 times"
Criminal Minds,https://fmovies.to/film/criminal-minds.j36n,15,10,2020-07-14,525,"Drama,Thriller,Crime,Mystery","Thomas Gibson,Matthew Gray Gubler,Shemar Moore",8.1,...,2005-09-22,"United States,Canada","6.1/1,482 times"
Luke Cage,https://fmovies.to/film/luke-cage.m23jv,2,13,2020-07-14,526,"Drama,Thriller,Sci-Fi,Action,Crime","Rosario Dawson,Jacob Vargas,Alfre Woodard,Kevin Mambo,Gabrielle Dennis,Reg E Cathey,Frank Whaley,Tijuana Ricks,Heather Simms,Sahr Ngaujah",7.3,"Andy Goddard,Marc Jobst,Clark Johnson,Stephen Surjik,Paul McGuigan,Phil Abraham,Magnus Martens,Sam Miller,Vincenzo Natali,Guillermo Navarro,Tom Shankland,George Tillman Jr.,Neema Barnette,Alex Garcia Lopez,Everardo Gout,Rashaad Ernesto Green,Steph Green,K",2016-09-30,United States,"6.9/2,919 times"
Pose,https://fmovies.to/film/pose.kkly4,2,10,2020-07-14,533,Drama,"James Van Der Beek,Kate Mara,Evan Peters,Patti LuPone,Alexander DiPersia,Sandra Bernhard,Charlayne Woodard,Indya Moore,Mj Rodriguez,Angel Bismark Curiel",8.6,"Gwyneth Horder-Payton,Janet Mock,Tina Mabry,Ryan Murphy,Nelson Cragg,Silas Howard,Steven Canals,Jennie Livingston",2018-06-06,United States,6.2/417 times
Cloak & Dagger,https://fmovies.to/film/cloak-dagger.pj7kx,2,10,2020-07-14,537,"Drama,Sci-Fi,Adventure,Action","Tim Kang,Dilshad Vadsaria,Gary Weeks,Andrea Roth,Andrea Frankle,Olivia Holt,Gloria Reuben,Ally Maki,Gralen Bryant Banks,Angela Davis",6.7,"Ami Canaan Mann,Jennifer Phang,Jeff Woolnough,Alex Garcia Lopez,Paul A. Edwards,Peter Hoar,Gina Prince-Bythewood,Ry Russo-Young,Wayne Yip,Jessika Borsiczky,Rachel Goldberg,Matthew Hastings,Philip John,Joe Pokaski,Amanda Row,Lauren Wolkstein",2018-06-08,United States,"5.5/3,591 times"
Homeland,https://fmovies.to/film/homeland.k3qr,8,12,2020-07-14,538,"Drama,Thriller,Mystery","Rupert Friend,Mandy Patinkin,Claire Danes",8.3,"Alex Gansa,Howard Gordon",2011-10-02,United States,6.3/805 times
Chicago Med,https://fmovies.to/film/chicago-med.y011,5,20,2020-07-14,548,Drama,"Oliver Platt,Nick Gehlfuss,Yaya Dacosta",7.5,"Matt Olmstead,Dick Wolf",2015-11-17,United States,"5.8/1,017 times"
Black Lightning,https://fmovies.to/film/black-lightning.qk6ow,3,16,2020-07-14,550,"Drama,Sci-Fi,Action","Jill Scott,James Remar,Skye P Marshall,Christine Adams,Erika Alexander,Clifton Powell,Kearran Giovanni,Bill Duke,Cress Williams,Nafessa Williams",6.1,"Salim Akil,Oz Scott,Benny Boom,Michael Schultz,Eric Laneuville,Bille Woodruff,Tawnia McKiernan,Rose Troche,Robert Townsend,Tanya Hamilton,Salli Richardson-Whitfield,Mark Tonderai,Neema Barnette,Mary Lou Belli,Jeff Byrd,Jeffrey W. Byrd,Rob Hardy,Tasha Smit",2018-01-23,United States,"6.1/3,389 times"
Love Island,https://fmovies.to/film/love-island.zl50w,6,43,2020-07-14,571,Drama,"Iain Stirling,Alex Miller,Dani Dyer,Caroline Flack,Alexandra Cane,Jack Fowler,Eyal Booker,Frankie Foster,Megan Barton Hanson,Georgia Steel",5.1,"Hayley MacFarlane,Paul Newton",2015-06-07,United States,5.6/863 times
The Simpsons,https://fmovies.to/film/the-simpsons.rlvvy,31,22,2020-07-14,573,"Animation,Comedy","Tress MacNeille,Maurice LaMarche,Jon Lovitz,Kevin Michael Richardson,Hank Azaria,Glenn Close,Albert Brooks,Chris Edgerly,Kelsey Grammer,Joe Mantegna",8.7,"Mike B. Anderson,Mark Kirkland,Steven Dean Moore,Bob Anderson,Matthew Nastuk,Jim Reardon,Michael Polcino,David Silverman,Wesley Archer,Nancy Kruse,Chris Clements,Rob Oliver,Lance Kramer,Chuck Sheetz,Matthew Faughnan,Rich Moore,Timothy Bailey,Jeffrey Lynch",1990-12-22,United States,6.8/245 times
Scandal,https://fmovies.to/film/scandal.4voj,7,18,2020-07-14,578,"Drama,Thriller","Kerry Washington,Darby Stanchfield,Katie Lowes",7.7,...,2012-04-05,United States,6.1/405 times
Good Trouble,https://fmovies.to/film/good-trouble.xjyr3,2,18,2020-07-14,579,"Drama,Comedy,Romance","Maia Mitchell,Beau Mirchoff,Richard Brooks,Josh Pence,Nicki Micheaux,Roger Bart,Cierra Ramirez,Michael Galante,Chloe Wepper,Daisy Eagan",7.4,"Peter Paige,Bradley Bredeweg,Aprill Winney,Troian Bellisario,Michael Medico,Laura Nisbet,Jay Chandrasekhar,Jon M. Chu,Erica Dunton,Geoffrey Haley,Joanna Johnson,Kelli Williams,Chandra Wilson,Jeff Byrd,Marco Fargnoli,Finola Hughes,Heather Tom",2019-01-08,United States,6.5/737 times
NCIS: Los Angeles,https://fmovies.to/film/ncis-los-angeles.pxwx,11,22,2020-07-14,585,"Drama,Thriller,Crime,Mystery","Chris ODonnell,Linda Hunt,LL Cool J,Miguel Ferrer,Daniela Ruah,Barrett Foa,Eric Christian Olsen,Renée Felice Smith",6.7,...,2009-09-22,United States,6.9/601 times
Preacher,https://fmovies.to/film/preacher.k7q4,4,10,2020-07-14,592,"Drama,Adventure,Fantasy,Mystery","Dominic Cooper,Joseph Gilgun,Ruth Negga",8,"Sam Catlin,Garth Ennis,Evan Goldberg",2016-05-22,United States,"6.7/1,184 times"
NCIS,https://fmovies.to/film/ncis.ll39m,17,20,2020-07-14,595,"Drama,Thriller,Comedy,Action,Crime,Mystery","Lauren Holly,Sasha Alexander,Rocky Carroll,Maria Bello,Mark Harmon,Muse Watson,Scottie Thompson,Wilmer Valderrama,Pauley Perrette,Michael Weatherly",7.8,"Dennis Smith,Tony Wharmby,Terrence O'Hara,Thomas J. Wright,James Whitmore Jr.,Arvin Brown,Leslie Libman,Rocky Carroll,Michael Zinberg,Bethany Rooney,Alrick Riley,Mark Horowitz,Colin Bucksey,Alan J. Levi,Jeff Woolnough,William Webb,Diana Valentine,Peter El",2004-03-03,United States,6.9/618 times
Impractical Jokers,https://fmovies.to/film/impractical-jokers.jp03,8,26,2020-07-14,599,"Reality-TV,Comedy","James Murray,Brian Quinn,Joe Gatto",8.6,...,2011-12-15,United States,7.3/500 times
Black-ish,https://fmovies.to/film/black-ish.nov8,6,23,2020-07-14,607,Comedy,"Anthony Anderson,Tracee Ellis Ross,Marcus Scribner",7.1,...,2014-09-24,United States,6.2/866 times
Archer,https://fmovies.to/film/archer.llknz,10,9,2020-07-14,610,"Animation,Comedy,Action","Aisha Tyler,Jeffrey Tambor,Judy Greer,Gary Cole,Christian Slater,Keegan Michael Key,Chris Parnell,Amber Nash,Fred Armisen,Tom Kane",8.6,"Bryan Fordney,Mack Williams,Adam Reed",2010-04-10,United States,7.0/358 times
Jessica Jones,https://fmovies.to/film/jessica-jones.118m,3,13,2020-07-14,612,"Drama,Thriller,Sci-Fi,Action,Crime","Eka Darville,Krysten Ritter,Carrie Anne Moss,David Tennant,Rachael Taylor,JR Ramirez",8,...,2015-11-20,United States,"6.5/1,443 times"
Quantico,https://fmovies.to/film/quantico.v4mv,3,12,2020-07-14,614,Drama,"Aunjanue Ellis,Priyanka Chopra,Josh Hopkins",6.7,Joshua Safran,2015-09-01,United States,"6.2/2,536 times"
Law & Order: Special Victims Unit,https://fmovies.to/film/law-order-special-victims-unit.6lxm4,21,21,2020-07-14,617,"Drama,Thriller,Crime,Mystery","Danny Pino,Tamara Tunie,BD Wong,Ice T,Christopher Meloni,Michaela Mcmanus,Robert John Burke,Philip Winchester,Mariska Hargitay,Peter Hermann",8,"David Platt,Jean de Segonzac,Peter Leto,Alex Chapple,Constantine Makris,Juan José Campanella,Arthur W. Forney,Michael Pressman,Steve Shill,Michael Slovis,Martha Mitchell,Alex Zakrzewski,Norberto Barba,Helen Shaver,Jonathan Kaplan,Ted Kotcheff,Fred Berner,",1999-09-20,United States,6.4/569 times
Basketball Wives,https://fmovies.to/film/basketball-wives.59r5m,8,12,2020-07-14,621,Reality-TV,"Shaquille ONeal,Jennifer Williams,Dominique Fishback,Tami Roman,Evelyn Lozada,Shaunie ONeal,Royce Reed,Suzie Ketcham,Kenya Bell,Jackie Christie",3.5,"Oji Singletary,Mark Perez",2019-06-19,United States,4.5/61 times
Tom Clancy's Jack Ryan,https://fmovies.to/film/tom-clancys-jack-ryan.mq1pz,2,8,2020-07-14,628,"Drama,Thriller,Action","Haaz Sleiman,Victor Rasuk,Abbie Cornish,Wendell Pierce,John Krasinski,Noomi Rapace,Dina Shihabi,Michael Kelly,Ali Suliman,Susan Misner",8.1,"Patricia Riggen,Daniel Sackheim,Andrew Bernstein,Dennie Gordon,Phil Abraham,Carlton Cuse,Morten Tyldum",2018-08-31,United States,"6.4/1,348 times"
The Fosters,https://fmovies.to/film/the-fosters.mj0p,5,22,2020-07-14,631,Drama,"Teri Polo,Maia Mitchell,Sherri Saum",7.9,"Brad Bredeweg,Peter Paige",2013-06-03,United States,"6.0/1,201 times"
Manifest,https://fmovies.to/film/manifest.926qx,2,13,2020-07-14,635,"Drama,Mystery","Leah Gibson,Melissa Roxburgh,Matt Long,Athena Karkanis,Daniel Sunjata,Elizabeth Marvel,Alfredo Narciso,Maryann Plunkett,JR Ramirez,Frank Deal",7.2,"Dean White,Craig Zisk,Paul Holahan,Marisol Adler,Michael Smith,Claudia Yarmy,Joe Chappelle,FÃ©lix EnrÃ­quez AlcalÃ¡,David Frankel,Nina Lopez-Corrado,Tawnia McKiernan,Michael Schultz,Constantine Makris,Millicent Shelton,Jean de Segonzac,Nathan Hope,Ramaa M",2019-05-14,United States,"6.4/1,767 times"
Once Upon a Time,https://fmovies.to/film/once-upon-a-time.v496,7,22,2020-07-14,636,"Adventure,Romance,Fantasy","Ginnifer Goodwin,Jennifer Morrison,Lana Parrilla",7.7,"Adam Horowitz,Edward Kitsis",2011-10-23,United States,"6.4/2,021 times"
Six,https://fmovies.to/film/six.3rzn2,2,10,2020-07-14,638,"Drama,Action,History,War","Donny Boaz,Nadine Velazquez,Brianne Davis,Walton Goggins,Olivia Munn,Barry Sloane,Edwin Hodge,Eric Ladin,Kyle Schmid,Ken Tremblett",7.3,"Kimberly Peirce,Mikael Salomon,Peter Werner,Lesli Linka Glatter,Alex Graves,Clark Johnson,Alfredo Barrios Jr.,Colin Bucksey,Stephen Kay,Scott Mann,Michael Morris,Steve Shill,Stephen Surjik",2017-01-18,United States,6.3/824 times
Mindhunter,https://fmovies.to/film/mindhunter.z1wr2,2,9,2020-07-14,639,"Drama,Thriller,Crime","Anna Torv,Jonathan Groff,Dohn Norwood,Holt McCallany,Michael Cerveris,Nate Corddry,Cotter Smith,Cameron Britton,Sierra Aylina McClain,Siovhan Christensen",8.6,"David Fincher,Carl Franklin,Andrew Douglas,Asif Kapadia,Tobias Lindholm,Andrew Dominik",2017-10-13,United States,"6.5/1,425 times"
Taken,https://fmovies.to/film/taken.2o6w0,2,16,2020-07-14,640,"Drama,Thriller,Action","Jennifer Beals,Clive Standen,Jose Pablo Cantillo,Adam Goldberg,Tahmoh Penikett,Brittany Allen,Peter Outerbridge,Celeste Desjardins,Barry Flatman,James Landry Hébert",6.6,"Romeo Tirone,Bill Johnson,Elodie Keene,Lexi Alexander,Holly Dale,Alex Graves,Clark Johnson,Tim Matheson,Michael Offer,Sarah Pia Anderson,M.J. Bassett,Lukas Ettlin,Chris Fisher,Stephen Kay,Ruba Nadda,Michael Nankin,Edward Ornelas,Scott Peters,T.J. Scott,Ed",2017-03-10,"United States,France","6.7/1,441 times"
Designated Survivor,https://fmovies.to/film/designated-survivor.qxz83,3,10,2020-07-14,643,"Drama,Thriller","Lauren Holly,Kiefer Sutherland,Paulo Costanzo,Anthony Edwards,Virginia Madsen,Natascha McElhone,Malik Yoba,Kal Penn,Maggie Q,Italia Ricci",7.5,"Chris Grismer,Frederick E.O. Toye,Timothy Busfield,Peter Leto,Paul A. Edwards,Joe Lazarov,Leslie Libman,Sharat Raju,Mike Listo,Sudz Sutherland,Michael Katleman,Richard J. Lewis,Paul McGuigan,Sergio Mimica-Gezzan,Brad Turner,Norberto Barba,Milan Cheylov,Ke",2016-11-06,United States,"6.8/3,122 times"
The Last Ship,https://fmovies.to/film/the-last-ship.kzr,5,10,2020-07-14,645,"Sci-Fi,Adventure,Action","Rhona Mitra,Adam Baldwin,Eric Dane",7.5,"Steven Kane,Hank Steinberg",2014-06-22,United States,6.4/607 times
Narcos,https://fmovies.to/film/narcos.vvq2,3,10,2020-07-14,666,"Drama,Crime,Biography","Paulina Gaitan,Wagner Moura,Boyd Holbrook,Pedro Pascal,Paulina García,Raúl Méndez,Juan Murcia,Jorge Monterrosa",8.8,"Carlo Bernard,Chris Brancato,Doug Miro",2015-08-28,United States,"6.4/5,489 times"
Silicon Valley,https://fmovies.to/film/silicon-valley.58xm,6,7,2020-07-14,667,Comedy,"Josh Brener,Thomas Middleditch,Tj Miller",8.5,"John Altschuler,Mike Judge,Dave Krinsky",2014-04-06,United States,6.4/985 times
iZombie,https://fmovies.to/film/izombie.9360,5,13,2020-07-14,681,"Drama,Comedy,Sci-Fi,Crime,Horror","Rose McIver,Malcolm Goodwin,Rahul Kohli",7.9,"Diane Ruggiero,Rob Thomas",2015-03-17,United States,6.4/830 times
Sherlock,https://fmovies.to/film/sherlock.1nwjm,4,3,2020-07-14,685,"Drama,Crime,Mystery","Gemma Chan,Martin Freeman,Adam Greaves Neal,Rupert Graves,Lindsay Duncan,Zawe Ashton,Benedict Cumberbatch,Una Stubbs,Louise Brealey,Amanda Abbington",9.1,"Paul McGuigan,Nick Hurran,Coky Giedroyc,Euros Lyn,Toby Haynes,Jeremy Lovering,Colm McCarthy,Douglas Mackinnon,Benjamin Caron,Rachel Talalay",2011-06-05,"United States,United Kingdom","7.1/2,939 times"
Younger,https://fmovies.to/film/younger.nk7m,6,12,2020-07-14,689,Comedy,"Sutton Foster,Debi Mazar,Miriam Shor",7.8,Darren Star,2015-02-24,United States,5.6/405 times
"""The Wendy Williams Show"" Empire #2",https://fmovies.to/film/quotthe-wendy-williams-showquot-empire-2.4qwk,2,18,2020-07-14,693,"Drama,Music","Taraji P Henson,Terrence Howard,Jussie Smollett",0,"Lee Daniels,Danny Strong",2015-03-17,United States,"5.9/1,565 times"
Iron Fist,https://fmovies.to/film/iron-fist.yqo0p,2,10,2020-07-14,694,"Sci-Fi,Adventure,Action,Crime","Alice Eve,Rosario Dawson,David Wenham,Tom Pelphrey,Finn Jones,Jessica Stroup,Simone Missick,James Chen,Ramon Rodriguez,Sacha Dhawan",6.5,"Stephen Surjik,John Dahl,Farren Blackburn,Uta Briesewitz,Deborah Chow,Andy Goddard,Peter Hoar,RZA,Miguel Sapochnik,Tom Shankland,Kevin Tancharoen,Jet Wilkinson,Mairzee Almas,M.J. Bassett,Sanford Bookstaver,David Dobkin,Toa Fraser,Julian Holmes,Philip John",2017-03-17,United States,"7.1/7,109 times"
Final Space,https://fmovies.to/film/final-space.oonlz,2,13,2020-07-14,698,"Drama,Animation,Comedy,Sci-Fi,Adventure,Action,Fantasy","Tom Kenny,Gina Torres,David Tennant,Keith David,Ron Perlman,John Dimaggio,Fred Armisen,Jane Lynch,Tika Sumpter,Alan Tudyk",8.3,"Ben Bjelajac,Mike Roberts,Anne Walker Farrell,Yoriaki Mochizuki,Chris Paluszek,Dan O'Connor",2018-07-20,United States,6.6/308 times
The Magicians,https://fmovies.to/film/the-magicians.115x,5,13,2020-07-14,700,"Drama,Fantasy","Jason Ralph,Stella Maeve,Olivia Taylor Dudley,Hale Appleman",7.6,...,2015-12-16,United States,"6.2/1,126 times"
It's Always Sunny in Philadelphia,https://fmovies.to/film/its-always-sunny-in-philadelphia.kwwl6,14,8,2020-07-14,704,Comedy,"Dave Foley,Danny DeVito,Jimmi Simpson,Charlie Day,Glenn Howerton,Rob Mcelhenney,Anne Archer,Brittany Daniel,Mary Elizabeth Ellis,Kaitlin Olson",8.8,"Matt Shakman,Fred Savage,Daniel Attias,Randall Einhorn,Todd Biermann,Richie Keen,Heath Cullens,Jerry Levine,Kat Coiro,Pete Chatmon,John Fortenberry,Jamie Babbit,Rob McElhenney,Maurice Marable,Glenn Howerton,Josh Drisko,LP,Kimberly McCullough,Tim Roche",2008-03-06,United States,6.8/416 times
Blue Bloods,https://fmovies.to/film/blue-bloods.1l9q,10,19,2020-07-14,709,"Drama,Crime","Bridget Moynahan,Donnie Wahlberg,Tom Selleck,Will Estes,Len Cariou,Amy Carlson,Tony Terraciano,Andrew Terraciano",7.5,"Mitchell Burgess,Robin Green",2010-09-24,United States,6.8/357 times
Bull,https://fmovies.to/film/bull.yqjw0,4,20,2020-07-14,721,"Drama,Comedy,Crime","Eliza Dushku,Freddy Rodríguez,Michael Weatherly,Frank De Julio,Jill Flint,Yara Martinez,Saidah Arrika Ekulona,Joe Grifasi,Erin Dilly,Geneva Carr",7,"Dennis Smith,Dan Lerner,Bethany Rooney,Alex Pillai,Michael Smith,Douglas Aarniokoski,Aaron Lipstadt,Peter Werner,Vincent Misiano,Edward Ornelas,Glenn Gordon Caron,Jan Eliasberg,Russell Lee Fine,Laura Belsey,Randy Zisk,Mary Lou Belli,Kevin Berlandi,Tessa B",2018-06-22,United States,6.1/902 times
Van Helsing,https://fmovies.to/film/van-helsing.nz2m,4,13,2020-07-14,738,"Drama,Action,Fantasy,Horror","Caroline Cave,Hilary Jardine,Christopher Heyerdahl,Neal McDonough,Aleks Paunovic,Hannah Cheramy,Missy Peregrym,Anna Galvin,Jonathan Scarfe,Kelly Overton",6.2,"Jonathan Scarfe,Michael Nankin,David Winning,Jason Priestley,Amanda Tapping,Jacquie Gould,Simon Barry,David Frazee,Kaare Andrews,Paul Johansson,Jason Stone,Leslie Hope,Shannon Kohli,Alexandra La Roche,Jackie May,Kimani Ray Smith,Lynne Stopkewich",2016-12-17,United States,6.6/864 times
The Purge,https://fmovies.to/film/the-purge.925p0,2,10,2020-07-14,750,"Thriller,Sci-Fi,Action,Horror","Rochelle Aytes,Dermot Mulroney,Denzel Whitaker,William Baldwin,Derek Luke,Lee Tergesen,Matt Shively,Fiona Dourif,Connor Trinneer,Max Martini",6.4,"Tara Nicole Weyr,Ernest R. Dickerson,Anthony Hemingway,Tim Andrew,Clark Johnson,Nina Lopez-Corrado,Michael Nankin,Julius Ramsay,David Von Ancken,Darren Grant,Jessica Lowrey,Patrick Lussier,Jen McGowan,Jaime Reynoso,Gigi Saul Guerrero,Christoph Schrewe",2018-09-05,United States,6.6/737 times
Agents of S.H.I.E.L.D.,https://fmovies.to/film/agents-of-shield.y3q1,7,7,2020-07-14,755,"Drama,Sci-Fi,Action","Ming Na Wen,Clark Gregg,Brett Dalton",7.5,"Maurissa Tancharoen,Jed Whedon,Joss Whedon",2013-09-24,United States,"6.3/2,636 times"
Harley Quinn,https://fmovies.to/film/harley-quinn.ox4zz,2,13,2020-07-14,760,"Animation,Comedy,Adventure,Action,Crime,Fantasy,Mystery","Frankie Muniz,Kaley Cuoco,Jacob Tremblay,Giancarlo Esposito,Alfred Molina,Tisha Campbell Martin,Phil LaMarr,Lake Bell,Jason Alexander,Diedrich Bader",8.4,"Cecilia Aranovich,Juan Jose Meza-Leon,Frank Marino,Ben Jones,Colin Heck,Vinton Heuck,Matt Garofalo,Brandon McKinney,Hyeyoung Jung",2019-11-29,United States,"7.1/1,139 times"
Black Mirror,https://fmovies.to/film/black-mirror.opw8,5,3,2020-07-14,762,"Drama,Thriller,Sci-Fi","Michaela Coel,Daniel Lapaine,Hannah John Kamen,Beatrice Robertson Jones",8.8,...,2011-12-04,United Kingdom,"6.0/1,587 times"
13 Reasons Why,https://fmovies.to/film/13-reasons-why.kwpo9,4,10,2020-07-14,764,"Drama,Mystery","Josh Hamilton,Steven Weber,Derek Luke,Kate Walsh,Wilson Cruz,Joseph C Phillips,Amy Hargreaves,Dylan Minnette,Ross Butler,Brenda Strong",7.8,"Jessica Yu,Kyle Patrick Alvarez,Gregg Araki,Michael Morris,Kevin Dowling,Carl Franklin,Tom McCarthy,Helen Shaver,Kat Candler,Eliza Hittman,Karen Moncrieff,Aurora Guerrero,Bronwen Hughes,Sunu Gonera,Michael Sucsy,John T. Kretchmer",2017-03-31,United States,"7.3/32,822 times"
Succession,https://fmovies.to/film/succession.jjkx3,2,10,2020-07-14,765,Drama,"Arian Moayed,Sarah Snook,Matthew Macfadyen,Holly Hunter,Fisher Stevens,Kieran Culkin,Alan Ruck,Danny Huston,Nicholas Braun,Eric Bogosian",8.5,"Mark Mylod,Andrij Parekh,Adam Arkin,Miguel Arteta,S.J. Clarkson,Adam McKay,Shari Springer Berman,Kevin Bray,Becky Martin,Robert Pulcini,Matt Shakman",2018-06-04,United States,5.4/490 times
Station 19,https://fmovies.to/film/station-19.kk6w6,3,16,2020-07-14,766,"Drama,Thriller,Romance,Action","Dermot Mulroney,Pat Healy,Danielle Savre,Chandra Wilson,Brenda Song,Grey Damon,Boris Kodjoe,Jaina Lee Ortiz,Lachlan Buchanan,Peter Onorati",6.5,"Paris Barclay,Tessa Blake,Oliver Bokelberg,Nicole Rubio,Marcus Stokes,Milan Cheylov,Stacey K. Black,DeMane Davis,Daryn Okada,Marisol Adler,Mary Lou Belli,James Hanlon,Steve Robin,Dennis Smith,Nzingha Stewart,Sylvain White,Sydney Freeland,Ellen S. Pressman",2018-09-25,United States,5.8/815 times
RuPaul's Drag Race,https://fmovies.to/film/rupauls-drag-race.25rl,11,14,2020-07-14,767,"Reality-TV,Game-Show","RuPaul,Michelle Visage,Santino Rice",8.5,...,2011-01-24,United States,5.8/579 times
Keeping Up with the Kardashians,https://fmovies.to/film/keeping-up-with-the-kardashians.rlm2o,18,6,2020-07-14,768,"Drama,Reality-TV","Khloé Kardashian,Kourtney Kardashian,Kim Kardashian West,Caitlyn Jenner,Khadijah,Malika,Kanye West,Kris Jenner,Kylie Jenner,Kendall Jenner",2.8,"Chris Ray,David Bresenham",2008-11-04,United States,5.9/656 times
The Bachelorette,https://fmovies.to/film/the-bachelorette.5529,15,13,2020-07-14,775,"Reality-TV,Romance,Game-Show","Chris Harrison,Nick Viall,Ashley Hebert",3.4,...,2016-05-23,United States,5.7/258 times
Siren,https://fmovies.to/film/siren.z135w,3,10,2020-07-14,783,"Drama,Fantasy","Tammy Gillis,David Kaye,Gil Birmingham,Brendan Fletcher,Rena Owen,Deniz Akdeniz,Garcelle Beauvais,Ron Yuan,David Cubitt,Sarah Jane Redmond",7,"Joe Menendez,Nick Copus,Steven A. Adelson,John Badham,Amanda Row,Amanda Tapping,Martha Coolidge,Jay Karas,Scott Stewart,Barbara Brown,David Grossman,Matthew Hastings,Ben Hernandez Bray,Rachel Leiterman,Ellen S. Pressman,Geoffrey Wing Shotz,David Solomon,M",2018-11-06,United States,"6.1/2,764 times"
Bob's Burgers,https://fmovies.to/film/bobs-burgers.90z0,10,22,2020-07-14,786,"Animation,Comedy","H Jon Benjamin,Dan Mintz,Eugene Mirman",8.1,"Loren Bouchard,Jim Dauterive",2011-01-09,United States,6.6/611 times
Insecure,https://fmovies.to/film/insecure.52xkj,4,10,2020-07-14,789,Comedy,"Don Franklin,Mason McCulley,Christina Elmore,Jay Ellis,Issa Rae,Yvonne Orji,Veronica Mannion,Catherine Curtin,Sujata Day,Maya Erskine",7.8,"Melina Matsoukas,Kevin Bray,Prentice Penny,Stella Meghie,Debbie Allen,Cecile Emeke,Rasheena Nash,Marta Cunningham,Tina Mabry,Pete Chatmon,Regina King,Maurice Marable,Millicent Shelton,Liesl Tommy,Thembi Banks,Lacey Duke,Jay Ellis,Nijla Mumin,Mark Sadlek,K",2016-10-10,United States,6.4/948 times
Outlander,https://fmovies.to/film/outlander.6ox4,5,12,2020-07-14,792,"Drama,Sci-Fi,Romance","Caitriona Balfe,Sam Heughan,Tobias Menzies",8.4,...,2014-08-09,United States,"6.5/1,364 times"
Barry,https://fmovies.to/film/barry.0r1q9,2,8,2020-07-14,793,"Drama,Comedy,Crime","Bill Hader,Sarah Burns,Daniel Bernhardt,Henry Winkler,Chris Marquette,Mark Ivanir,Stephen Root,Michael Irby,Alejandro Furth,Nikita Bogolyubov",8.3,"Bill Hader,Alec Berg,Hiro Murai,Maggie Carey,Liza Johnson,Minkie Spiro",2018-03-26,United States,6.3/609 times
New Girl,https://fmovies.to/film/new-girl.n878,7,8,2020-07-14,796,Comedy,"Zooey Deschanel,Max Greenfield,Jake Johnson",7.7,...,2011-09-20,United States,"5.9/1,244 times"
The Neighborhood,https://fmovies.to/film/the-neighborhood.6v6kp,2,22,2020-07-14,798,Comedy,"Josh Brener,Maurice LaMarche,Ashleigh Crystal Hairston,Max Greenfield,Cedric The Entertainer,Beth Behrs,Tichina Arnold,Marilu Henner,Gary Anthony Williams,Alexandra Chando",6.4,"Mark Cendrowski,Victor Gonzalez,Jeff Greenstein,Stan Lathan,Phill Lewis,James Burrows,Ken Whittingham,Marian Deaton,Ron Moseley,Anthony Rich,Betsy Thomas,Kelly Park",2018-10-01,United States,7.0/447 times
Knightfall,https://fmovies.to/film/knightfall.pjyqq,2,8,2020-07-14,799,"Drama,Adventure,Action","Ed Stoppard,Tom Cullen,Mark Hamill,Cengiz Dervis,Jim Carter,Amelia Clarkson,Simon Merrells,Matthew Marsh,Peter OMeara,Genevieve Gaunt",6.8,"Douglas Mackinnon,David Petrarca,Metin HÃ¼seyin,Rick Jacobson,Samira Radsi,Roel ReinÃ©,David Wellington",2018-10-21,United States,5.9/800 times
Billions,https://fmovies.to/film/billions.yp2p,5,7,2020-07-14,800,Drama,"Damian Lewis,Paul Giamatti,Maggie Siff",8.4,...,2016-01-01,United States,"6.0/1,446 times"
Killing Eve,https://fmovies.to/film/killing-eve.pj5o4,3,8,2020-07-14,803,Thriller,"Fiona Shaw,Sandra Oh,Jodie Comer,Owen Mcdonnell,Gemma Whelan,Adrian Scarborough,Henry Lloyd Hughes,Kim Bodnia,Steve Pemberton,Harriet Walter",8.3,"Damon Thomas,Jon East,Harry Bradbeer,Lisa BrÃ¼hlmann,Francesca Gregorini,Miranda Bowen,Terry McDonough,Shannon Murphy",2018-09-13,United States,"6.5/1,248 times"
Teen Mom 2,https://fmovies.to/film/teen-mom-2.j3o8,9,33,2020-07-14,807,"Reality-TV,Documentary","Jenelle Evans,Chelsea Houska,Kailyn Lowry",4.3,...,2015-07-09,United States,6.2/103 times
Grown-ish,https://fmovies.to/film/grown-ish.7w0m7,3,8,2020-07-14,820,Comedy,"Anthony Anderson,Deon Cole,Trevor Jackson,Chris Parnell,Francia Raisa,Yara Shahidi,Marcus Scribner,Barrett Carnahan,Chloe Bailey,Katherine Moennig",6.4,"Pete Chatmon,Todd Biermann,Eric Dean Seaton,Linda Mendoza,Samantha Bailey,Stella Meghie,Steven Caple Jr.,Kabir Akhtar,Amy Coughlin,Molly McGlynn,Jude Weng,Chris Robinson,Kevin Bray,Marta Cunningham,John Fortenberry,Amy York Rubin,Silver Tree,Steven K. Tsu",2018-01-03,United States,"6.0/2,077 times"
Good Girls,https://fmovies.to/film/good-girls.1r47v,3,11,2020-07-14,825,Drama,"June Squibb,Ione Skye,Christina Hendricks,Matthew Lillard,Reno Wilson,Mae Whitman,Zach Gilford,Allison Tolman,James Lesure,Manny Montana",7.9,"Michael Weaver,Dean Parisot,Dylan K. Massin,Andrew McCarthy,Phil Traill,So Yong Kim,Sarah Pia Anderson,Lee Friedlander,Kenneth Fink,Sharat Raju,Nzingha Stewart,Michael Spiller,Tara Nicole Weyr,Ken Whittingham,Sara Zandieh",2018-07-03,United States,6.2/509 times
Blindspot,https://fmovies.to/film/blindspot.p6o4,5,9,2020-07-14,837,"Drama,Thriller,Action,Crime,Mystery","Rob Brown,Sullivan Stapleton,Jaimie Alexander,Audrey Esparza",7.4,...,2015-09-21,United States,"6.4/2,045 times"
Legion,https://fmovies.to/film/legion.805qv,3,8,2020-07-14,840,"Drama,Sci-Fi,Action","Jemaine Clement,Dan Stevens,Jon Hamm,Aubrey Plaza,David Selby,Navid Negahban,Jean Smart,Hamish Linklater,Stephanie Corneliussen,Katie Aselton",8.3,"John Cameron,Noah Hawley,Tim Mielants,Michael Uppendahl,Dana Gonzales,Dennie Gordon,Larysa Kondracki,Hiro Murai,Ana Lily Amirpour,Keith Gordon,Ellen Kuras,Charlie McDowell,Sarah Adina Smith,Jeremy Webb,Dan Kwan,Carlos López Estrada,Andrew Stanton,Arkasha",2017-04-25,United States,"7.2/3,171 times"
Colony,https://fmovies.to/film/colony.ovy5,3,13,2020-07-14,842,"Sci-Fi,Adventure,Action","Sarah Wayne Callies,Peter Jacobson,Josh Holloway",7.4,...,2016-01-14,United States,6.5/299 times
2 Broke Girls,https://fmovies.to/film/2-broke-girls.6194,6,22,2020-07-14,844,Comedy,"Kat Dennings,Beth Behrs,Garrett Morris",6.7,"Whitney Cummings,Michael Patrick King",2011-09-19,United States,"6.1/1,376 times"
Dark,https://fmovies.to/film/dark.7wzx6,3,8,2020-07-14,845,"Drama,Thriller,Crime,Mystery","Oliver Masucci,Lisa Vicari,Mark Waschke,Stephan Kampwirth,Leopold Hornung,Louis Hofmann,Karoline Eichhorn,Lisa Kreuzer,Andreas Pietschmann,Will Beinbrink",8.7,Baran bo Odar,2017-12-01,West Germany,"6.8/1,683 times"
MacGyver,https://fmovies.to/film/macgyver.ojl7y,4,13,2020-07-14,851,"Drama,Adventure,Action","Isabel Lucas,Jeri Ryan,William Baldwin,Tristin Mays,Tate Donovan,Nicholas Guest,George Eads,Lucas Till,Sandrine Holt,Brendan Hines",5.2,"Stephen Herek,Eagle Egilsson,Carlos Bernard,Duane Clark,Ericson Core,Gabriel Beristain,Michael Martinez,David Straiton,Brad Turner,Bobby Roth,Antonio Negret,Tawnia McKiernan,Elizabeth Allen Rosenbaum,Lily Mariye,Ron Underwood,Peter Weller,Roderick Davis,A",2018-01-05,United States,"6.7/1,549 times"
Salvation,https://fmovies.to/film/salvation.80643,2,13,2020-07-14,855,"Drama,Thriller,Sci-Fi","Jonathan Silverman,Ian Anthony Dale,Jennifer Finnigan,John Noble,Santiago Cabrera,Christian Sloan,Brian Markinson,Charlie Rowe,Samantha Ferris,Mark Moses",7,"Stuart Gillard,Kenneth Fink,Nick Gomez,Dan Lerner,Gregory Prange,Maja Vrvilo,Joseph E. Gallagher,Greg Beeman,Russell Lee Fine,Juan Carlos Fresnadillo,Jennifer Lynch,Robert Duncan McNeill,Edward Ornelas,Douglas Aarniokoski,Tessa Blake,Elizabeth Kruger,Nina",2017-12-30,United States,7.1/754 times
Mom,https://fmovies.to/film/mom.zv32,7,20,2020-07-14,856,"Drama,Comedy,Romance","Anna Faris,Allison Janney,Blake Garrett Rosenthal",7.2,"Chuck Lorre,Gemma Baker,Eddie Gorodetsky",2013-09-23,United States,6.3/507 times
PAW Patrol,https://fmovies.to/film/paw-patrol.4qmok,5,34,2020-07-14,871,"Animation,Comedy,Adventure,Action,Family,Sport","Julie Lemieux,Kallan Holley,Devan Cohen,Alex Thorne,Gage Munroe,Christian Distefano,Drew Davis,Scott McCord,Ítalo Luiz,Gabriela Milani",6.2,"Jamie Whitney,Charles E. Bastien",2014-03-26,Canada,6.7/171 times
God Friended Me,https://fmovies.to/film/god-friended-me.qkm4j,2,22,2020-07-14,881,"Drama,Comedy","Parminder Nagra,Malik Yoba,Michel Gill,Adam Goldberg,Suraj Sharma,Kyle Harris,Joe Morton,Susan Misner,Kara Royster,Karine Vanasse",6.9,"Marcos Siega,Darren Grant,Joe Morton,Victor Nelli Jr.,Gregory Smith,Tricia Brock,Holly Dale,Tamra Davis,Erin Feeley,Kenneth Fink,Louis Shaw Milito,Barbara Brown,Lionel Coleman,Kellie Cyrus,Rich Newey,Charissa Sanjarernsuithikul,Kyra Sedgwick,Geoffrey Wing",2018-09-30,United States,7.1/970 times
The Outpost,https://fmovies.to/film/the-outpost.wopm4,2,13,2020-07-14,888,Fantasy,"Jelena Gavrilovic,Andrew Howard,Adam Johnson,Jake Stormoen,Kevin McNally,Philip Brodie,Jessica Green,Robyn Malcolm,Sonalii Castillo,Michael Flynn",5.9,"Marc Roskin,John Lyde,Milan Todorovic,Kurt Knight,Kynan Griffin,Jonathan Glassner,Dusan Lazarevic,Orsi Nagypal,Jason Faller,Clare Niederpruem",2018-09-22,United States,5.7/844 times
The Curse of Oak Island,https://fmovies.to/film/the-curse-of-oak-island.ln63,7,23,2020-07-14,904,Reality-TV,"Robert Clotworthy,Dan Henskee,Rick Lagina",7,N/a,2014-01-05,United States,6.5/25 times
The Sopranos,https://fmovies.to/film/the-sopranos.yjo1,6,21,2020-07-14,913,"Drama,Crime","James Gandolfini,Lorraine Bracco,Edie Falco",9.2,David Chase,1999-01-10,United States,6.6/846 times
Magnum P.I.,https://fmovies.to/film/magnum-pi.qk03n,2,20,2020-07-14,917,"Adventure,Action,Crime","William Forsythe,Jordana Brewster,Zachary Knighton,James Remar,Jay Hernandez,Corbin Bernsen,Ken Jeong,Tim Kang,Perdita Weeks,Kala Alexander",5.7,"Bryan Spicer,Peter Weller,Eagle Egilsson,Karen Gaviola,Antonio Negret,Ron Underwood,David Straiton,Krishna Rao,Kristin Windell,Duane Clark,David Grossman,Justin Lin,Lin Oeding,Sylvain White,Carlos Bernard,Doug Hannah,Allison Liddi-Brown,Amanda Marsalis,Ma",2018-09-24,United States,6.9/463 times
Chilling Adventures of Sabrina,https://fmovies.to/film/chilling-adventures-of-sabrina.l3q8m,3,8,2020-07-14,918,"Drama,Thriller,Fantasy,Mystery,Horror","Kiernan Shipka,Miranda Otto,Jonathan Whitesell,Ross Lynch,Bronson Pinchot,Ty Wood,Alessandro Juliani,Richard Coyle,Adrian Hough,Jedidiah Goodacre",7.6,"Rob Seidenglanz,Alex Pillai,Craig William Macneill,Viet Nguyen,Maggie Kiley,Lee Toland Krieger,Michael Goi,Kevin Rodney Sullivan,Rachel Talalay,Jeff Woolnough,Alex Garcia Lopez,Antonio Negret,Salli Richardson-Whitfield,Roxanne Benjamin",2018-10-26,United States,"6.9/1,783 times"
House,https://fmovies.to/film/house.jj62,8,22,2020-07-14,920,"Drama,Mystery","Omar Epps,Hugh Laurie,Robert Sean Leonard",8.7,David Shore,2004-11-16,United States,"6.3/2,644 times"
Happy!,https://fmovies.to/film/happy.oo3p5,2,10,2020-07-14,924,"Thriller,Comedy,Crime,Fantasy,Mystery","Paul Wight,Christopher Meloni,Debi Mazar,Christopher Fitzgerald,Patton Oswalt,Lili Mirojnick,Patrick Fischler,Ashlie Atkinson,Joseph D Reitman,Gus Halper",8.2,"Brian Taylor,Wayne Yip,Marianna Palka,David Petrarca,Joseph Kahn,Christopher Meloni",2018-04-26,United States,6.1/448 times
American Crime Story,https://fmovies.to/film/american-crime-story.k0k6,2,9,2020-07-14,926,"Drama,Crime,Biography","John Travolta,Cuba Gooding Jr,Sarah Paulson,Courtney B Vance,Sterling K Brown,Kenneth Choi,Christian Clemenson,Romeo Visca",8.4,"Scott Alexander,Larry Karaszewski",2016-02-02,United States,6.4/497 times
Gravity Falls,https://fmovies.to/film/gravity-falls.0023,2,20,2020-07-14,940,"Animation,Comedy,Adventure,Family,Mystery","Kristen Schaal,Jason Ritter,Alex Hirsch",8.9,Alex Hirsch,2012-06-15,United States,"7.0/1,239 times"
Superstore,https://fmovies.to/film/superstore.485o,5,21,2020-07-14,945,Comedy,"America Ferrera,Ben Feldman,Lauren Ash",7.8,Justin Spitzer,2015-11-30,United States,6.5/424 times
Line of Duty,https://fmovies.to/film/line-of-duty.p3m6,5,6,2020-07-14,954,"Drama,Thriller,Crime,Mystery","Polly Walker,Thandie Newton,Paul Higgins,Keeley Hawes,Kate Ashfield,Kelly Macdonald,Stephen Graham,Vicky Mcclure,Lennie James,Martin Compston",8.6,"John Strickland,Douglas Mackinnon,David Caffrey,Daniel Nettheim,Michael Keillor,Jed Mercurio,Susan Tully",2014-10-09,United Kingdom,6.4/94 times
Martin,https://fmovies.to/film/martin.827n,5,24,2020-07-14,957,"Drama,Comedy,Romance","Martin Lawrence,Tisha Campbell Martin,Thomas Mikal Ford",7.4,"John Bowman,Topper Carew,Martin Lawrence",1992-08-27,United States,6.6/929 times
Timeless,https://fmovies.to/film/timeless.oj408,2,11,2020-07-14,959,"Drama,Sci-Fi,Adventure,Action","Matt Frewer,Matt Lanter,Abigail Spencer,Paterson Joseph,John Getz,Jim Beaver,Goran Visnjic,Shantel Vansanten,Michael Rady,Malcolm Barrett",7.7,"Greg Beeman,John F. Showalter,Holly Dale,Charles Beeson,Neil Marshall,John Terlesky,Guy Ferland,Craig Zisk,Billy Gierhart,Matt Earl Beesley,Douglas Aarniokoski,Alex Kalymnios,Olatunde Osunsanmi",2018-07-06,United States,"6.9/1,142 times"
Elite,https://fmovies.to/film/elite.ykolx,3,8,2020-07-14,961,"Drama,Thriller","Lola Marceli,Jorge Suquet,Eva Llorach,Elisabet Gelabert,Jaime Lorente,Omar Ayuso,Miguel Bernardeau,Mina El Hammani,Itzan Escamilla,Irene Arcos",7.6,"Dani de la Orden,RamÃ³n Salazar,Jorge Torregrossa,SÃ­lvia Quer",2018-10-05,Spain,6.4/783 times
Sons of Anarchy,https://fmovies.to/film/sons-of-anarchy.70oj,7,13,2020-07-14,968,"Drama,Thriller,Crime","Charlie Hunnam,Katey Sagal,Mark Boone Junior",8.6,Kurt Sutter,2008-09-03,United States,6.4/806 times
Zoey 101,https://fmovies.to/film/zoey-101.x1j8,101,64,2020-07-14,975,"Drama,Comedy,Family","Jamie Lynn Spears,Paul Butcher,Christopher Massey",6,Dan Schneider,2008-01-27,United States,6.4/880 times
Ray Donovan,https://fmovies.to/film/ray-donovan.9o28,7,10,2020-07-14,981,"Drama,Crime","Liev Schreiber,Eddie Marsan,Paula Malcomson,Dash Mihok,Steven Bauer,Kerris Dorsey,Katherine Moennig,Pooch Hall",8.3,...,2013-06-18,United States,6.2/423 times
The Shannara Chronicles,https://fmovies.to/film/the-shannara-chronicles.y330,2,10,2020-07-14,985,"Sci-Fi,Adventure,Fantasy","Manu Bennett,Poppy Drayton,Austin Butler,Ivana Baquero,Aaron Jakubenko,Emilia Burns,Malese Jow,Marcus Vanco",7.2,"Alfred Gough,Miles Millar",2016-01-05,"United States,New Zealand",6.6/910 times
Curb Your Enthusiasm,https://fmovies.to/film/curb-your-enthusiasm.37yy6,10,10,2020-07-14,986,Comedy,"Vivica A Fox,Susie Essman,Julia Louis Dreyfus,Larry David,Mary Steenburgen,Jason Alexander,Jerry Seinfeld,Jb Smoove,Ted Danson,Cheryl Hines",8.7,"Robert B. Weide,Larry Charles,Jeff Schaffer,Bryan Gordon,David Steinberg,Alec Berg,David Mandel,Andy Ackerman,Jeff Garlin,Dean Parisot,Keith Truesdell,Tom Kramer,Jessie Nelson,Cheryl Hines,Erin O'Malley",2003-10-14,United States,6.1/170 times
Ozark,https://fmovies.to/film/ozark.xjpvq,3,10,2020-07-14,994,"Drama,Thriller,Crime","Laura Linney,Jason Bateman,Charlie Tahan,Peter Mullan,Julia Garner,Janet Mcteer,Mckinley Belcher Iii,Esai Morales,Skylar Gaertner,Tom Pelphrey",8.4,"Jason Bateman,Alik Sakharov,Andrew Bernstein,Ellen Kuras,Daniel Sackheim,Amanda Marsalis,Benjamin Semanoff,Phil Abraham,Cherien Dabis",2017-07-21,United States,"6.7/1,315 times"
For The People,https://fmovies.to/film/for-the-people.1r4lp,2,10,2020-07-14,996,Drama,"Michael Beach,Hope Davis,Caitlin Stasey,Ben Shenkman,Britt Robertson,Anna Deavere Smith,Anne Marie Johnson,Ben Rappaport,Vondie Curtis Hall,Julie Dretzin",7.2,"Tom Verica,Daisy von Scherler Mayer,Andrew Bernstein,Steph Green,P.J. Pesce,Nicole Rubio,Nzingha Stewart,Mark Tinker,Keith Boak,DeMane Davis,Kevin Dowling,Amanda Marsalis,Jim McKay,Valerie Weiss,Claudia Yarmy",2018-08-27,United States,5.8/522 times
Doctor Who,https://fmovies.to/film/doctor-who.lxn3,12,9,2020-07-14,998,"Drama,Sci-Fi,Adventure,Family,Mystery","Peter Capaldi,Jenna Coleman,Matt Smith",8.6,Sydney Newman,2006-03-17,"United Kingdom,Canada",6.8/504 times
The Affair,https://fmovies.to/film/the-affair.3p8r,5,11,2020-07-14,1024,Drama,"Maura Tierney,Ruth Wilson,Dominic West",7.9,"Hagai Levi,Sarah Treem",2014-10-12,United States,5.7/340 times
The Bold Type,https://fmovies.to/film/the-bold-type.oj2v5,4,15,2020-07-14,1029,TV Show,"Melora Hardin,Katie Stevens,Sam Page,Rya Kihlstedt,Aidan Devine,Tattiawna Jones,Nikohl Boosheri,Alexandra Turshen,Siobhan Murphy,Tom Austen",8,"Victor Nelli Jr.,Jamie Travis,Anna Mastro,Geary McLeod,Kimberly McCullough,Tara Nicole Weyr,Jann Turner,Marta Cunningham,Erica Dunton,Anne Renton,Gary Fleder,Ellen S. Pressman",2018-02-09,United States,"6.5/1,187 times"
The End of the F***ing World,https://fmovies.to/film/the-end-of-the-fing-world.xjl88,2,8,2020-07-14,1041,"Drama,Comedy","Gemma Whelan,Paterson Joseph,Barry Ward,Jessica Barden,Kelly Harrison,Polly Kemp,Kierston Wareing,Tim Key,Jonathan Aris,Alex Sawyer",8.1,"Jonathan Entwistle,Lucy Tcherniak,Destiny Ekaragha,Lucy Forbes",2018-01-05,United Kingdom,"5.5/2,329 times"
Killjoys,https://fmovies.to/film/killjoys.1nwp,5,10,2020-07-14,1057,Sci-Fi,"Hannah John Kamen,Aaron Ashmore,Luke Macfarlane",7.2,Michelle Lovretta,2015-06-19,Canada,6.7/242 times
The Son,https://fmovies.to/film/the-son.7jro8,2,10,2020-07-14,1060,"Drama,Western","Pierce Brosnan,Alex Hernandez,David Sullivan,Caleb Burgess,Jess Weixler,Jeremy Bobb,Kathryn Prescott,Jacob Lofland,Carlos Bardem,David Wilson Barnes",7.5,"Kevin Dowling,Jeremy Webb,Olatunde Osunsanmi,Tom Vaughan,Ellen Kuras,Omar Madha,John David Coles,Tom Harper,Daniel Sackheim",2017-04-08,United States,6.7/308 times
A Million Little Things,https://fmovies.to/film/a-million-little-things.8n9on,2,19,2020-07-14,1066,"Drama,Comedy","Drea de Matteo,James Roday,Melora Hardin,Ron Livingston,Romany Malco,Lizzy Greene,Stephanie Szostak,Jason Ritter,Sam Pancake,David Giuntoli",7.9,"James Griffiths,Nina Lopez-Corrado,Richard J. Lewis,Chris Koch,Steve Robin,Ami Canaan Mann,Nzingha Stewart,J. Miller Tobin,Tessa Blake,Eric Laneuville,Robert Duncan McNeill,Kevin Tancharoen,Silver Tree,Rebecca Asher,Stacey K. Black,Pete Chatmon,Nicole Rub",2018-09-26,United States,6.5/274 times
StartUp,https://fmovies.to/film/startup.ojxv8,3,10,2020-07-14,1076,"Thriller,Crime","Aaron Yoo,Martin Freeman,Zachary Knighton,Ron Perlman,Tyler Labine,Adam Brody,Ashley Hinshaw,Edi Gathegi,Mira Sorvino,Addison Timlin",8,"Ben Ketai,Olly Blackburn,Luis Prieto,Andrew Neel,Timothy A. Burton",2016-12-14,United States,7.0/367 times
Victorious,https://fmovies.to/film/victorious.3r67r,4,13,2020-07-14,1083,"Drama,Comedy,Romance,Family,Music","Matt Bennett,Victoria Justice,Susan Chuang,Elizabeth Gillies,Ariana Grande,Daniella Monet,Dan Schneider,Jennifer Carta,Erick Nathan,Avan Jogia",6.9,"Steve Hoefer,Adam Weissman,Russ Reinsel,David Kendall,Clayton Boen",2010-11-10,United States,"6.3/2,285 times"
The Terror,https://fmovies.to/film/the-terror.5k7q9,2,10,2020-07-14,1089,"Drama,Horror","Jared Harris,Alistair Petrie,Tobias Menzies,George Takei,Ian Hart,Sebastian Armesto,Matthew McNulty,Ronan Raftery,Stephen Thompson,Lee Shorten",8,"Tim Mielants,Edward Berger,Sergio Mimica-Gezzan,Michael Lehmann,Frederick E.O. Toye,Josef Kubota Wladyka,Toa Fraser,Everardo Gout,Lily Mariye,Meera Menon",2018-03-27,United States,6.2/835 times
Grimm,https://fmovies.to/film/grimm.yv6z,6,13,2020-07-14,1105,"Drama,Fantasy,Mystery,Horror","David Giuntoli,Russell Hornsby,Silas Weir Mitchell",7.8,"David Greenwalt,Jim Kouf,Stephen Carpenter",2011-10-28,United States,"6.3/1,055 times"
Instinct,https://fmovies.to/film/instinct.7w94y,2,11,2020-07-14,1109,"Drama,Thriller","Sharon Leal,Bojana Novakovic,Reshma Shetty,Whoopi Goldberg,John Doman,Alan Cumming,Sutton Foster,Naveen Andrews,Michael Rady,Peter Hermann",6.6,"Douglas Aarniokoski,Constantine Makris,Cherie Nowlan,Michael Rauch,Lee Rose,Laura Belsey,Jay Chandrasekhar,Jim McKay,Edward Ornelas,Don Scardino,Marc Webb,Peter Werner,John Behring,Joe Collins,Janice Cooke,Alex Pillai,Stephen Surjik,Randy Zisk",2019-09-14,United States,5.9/514 times
Fresh Off the Boat,https://fmovies.to/film/fresh-off-the-boat.z512,6,15,2020-07-14,1115,Comedy,"Randall Park,Constance Wu,Hudson Yang",7.8,...,2015-02-04,United States,6.2/758 times
Anne with an E,https://fmovies.to/film/anne-with-an-e.xrn58,3,10,2020-07-14,1125,Drama,"Geraldine James,Christian Martyn,RH Thomson,Dalila Bela,Deborah Grover,Ella Jonas Farlinger,Lucas Jade Zumann,Janet Porter,Amybeth McNulty,Aymeric Jett Montaz",8.7,"Paul Fox,Amanda Tapping,Anne Wheeler,Norma Bailey,Helen Shaver,Ken Girotti,Niki Caro,David Evans,Sandra Goldbacher,Patricia Rozema,Kim Nguyen",2017-05-12,Canada,6.8/755 times
The X-Files,https://fmovies.to/film/the-x-files.jvyr2,11,10,2020-07-14,1126,"Drama,Thriller,Sci-Fi,Mystery","David Duchovny,Robert Patrick,Cary Elwes,Gillian Anderson,Mitch Pileggi,Mimi Rogers,John Neville,Laurie Holden,Annabeth Gish,James Pickens Jr",8.6,"Kim Manners,Rob Bowman,David Nutter,Chris Carter,R.W. Goodwin,Tony Wharmby,Michael W. Watkins,Daniel Sackheim,Michael Lange,James Wong,Jim Charleston,Cliff Bole,William A. Graham,Peter Markle,David Duchovny,Thomas J. Wright,Rod Hardy,Glen Morgan,Jerrold F",1994-06-12,Canada,7.2/545 times
Altered Carbon,https://fmovies.to/film/altered-carbon.l325n,2,8,2020-07-14,1138,"Drama,Thriller,Sci-Fi","Anthony Mackie,James Purefoy,Will Yun Lee,Lela Loren,Dina Shihabi,Joel Kinnaman,Ato Essandoh,Fiona Vroom,Adam Busch,Marlene Forte",8.1,"Uta Briesewitz,Alex Graves,Peter Hoar,Nick Hurran,M.J. Bassett,Ciaran Donnelly,Salli Richardson-Whitfield,Jeremy Webb,Andy Goddard,Miguel Sapochnik",2018-02-02,United States,"6.2/2,496 times"
Famous in Love,https://fmovies.to/film/famous-in-love.1nm2m,2,10,2020-07-14,1139,"Drama,Romance","Bella Thorne,Vanessa Williams,Romeo Miller,Claudia Lee,Sofia Carson,Katelyn Tarver,Shawn Christian,Carter Jenkins,Perrey Reeves,Danielle Campbell",6.9,"Norman Buckley,Roger Kumble,Ron Lagomarsino,Geary McLeod,Miguel Arteta,Mary Lou Belli,Susanna Fogel,Michael Goi,Tanya Hamilton,Tawnia McKiernan,Elizabeth Allen Rosenbaum,Troian Bellisario,Paula Hunziker,Anna Mastro,Melanie Mayron",2017-04-18,United States,"6.4/1,966 times"
Z Nation,https://fmovies.to/film/z-nation.jyy,5,13,2020-07-14,1142,"Action,Horror","Russell Hodgkinson,Keith Allan,Nat Zang",6.7,"Craig Engler,Karl Schaefer",2014-09-12,United States,6.6/464 times
Attack on Titan,https://fmovies.to/film/attack-on-titan.4w3x,2,12,2020-07-14,1162,"Drama,Animation,Adventure,Action,Fantasy,Horror","Yuki Kaji,Josh Grelle,Marina Inoue",8.8,...,2013-04-01,Japan,"7.0/1,035 times"
Narcos: Mexico,https://fmovies.to/film/narcos-mexico.jj94n,2,10,2020-07-14,1164,"Drama,Crime","Francisco Barreiro,Diego Luna,Jesse Garcia,Miguel Rodarte,Scoot Mcnairy,Gerardo Taracena,Matt Letscher,Aaron Staton,Alyssa Diaz,Clark Freeman",8.4,"AndrÃ©s Baiz,Amat Escalante,Alonso Ruizpalacios,Josef Kubota Wladyka,Marcela Said",2018-11-16,International,7.0/748 times
Big Mouth,https://fmovies.to/film/big-mouth.jj2pn,3,10,2020-07-14,1168,Animation,"Rob Huebel,Andrew Rannells,Maya Rudolph,David Thewlis,Jordan Peele,Nathan Fillion,Mark Duplass,Fred Armisen,Kat Dennings,Gina Rodriguez",8,"Joel Moser,Bryan Francis,Bob Suarez,Mike L. Mayfield,Kim Arndt,Mark Levin",2017-09-29,United States,"6.1/1,558 times"
The Expanse,https://fmovies.to/film/the-expanse.yw71,4,10,2020-07-14,1170,"Sci-Fi,Mystery","Shohreh Aghdashloo,Cas Anvar,Wes Chatham",8.5,N/a,2015-11-23,"United States,Canada",6.7/595 times
Black Ink Crew: Chicago,https://fmovies.to/film/black-ink-crew-chicago.jwxy,5,9,2020-07-14,1173,Reality-TV,"Ryan Henry,Katrina Jackson",0,N/a,2015,United States,6.1/69 times
Gold Rush: Alaska,https://fmovies.to/film/gold-rush-alaska.vv4m7,10,24,2020-07-14,1177,Reality-TV,"Paul Christie,Todd Hoffman,Parker Schnabel,Dave Turin,Jack Hoffman,Jim Thurber,Chris Doumitt,Greg Remsburg,Tony Beets,Dustin Hurt",7.3,"Edward Gorsuch,Justin Kelly,Tim Dalby,James Levelle,Christina Bavetta,Gavin Campbell,Jamie Berry,Nick Norman-Butler,Max Baring,Peter Gauvain,Max Jourdan,Chris Muckle,Matt Nicholson,Tom Peppiatt,Jonathan Hales,Jonathan Stiasny,Neil Macdonald,Jo Locke",2010-12-03,United States,6.8/60 times
Temptation Island,https://fmovies.to/film/temptation-island.0rjyr,2,12,2020-07-14,1183,Reality-TV,"Evan Smith,Mark L Walberg,Johnny Alexander,Jose Rodriguez,Karl Collins,David Benavidez,Javen Butler,Kate Griffith,Ashley Howland,Ben Knobloch",6.1,Glenn GT Taylor,2019-01-15,United States,5.6/194 times
NCIS: New Orleans,https://fmovies.to/film/ncis-new-orleans.kw154,6,20,2020-07-14,1185,"Drama,Crime","Chelsea Field,Shanley Caswell,Stacy Keach,Steven Weber,Scott Bakula,Lucas Black,Vanessa Ferlito,Shalita Grant,Necar Zadegan,Matt Servitto",6.8,"James Hayman,James Whitmore Jr.,Michael Zinberg,Tony Wharmby,Mary Lou Belli,Edward Ornelas,Gordon Lonsdale,LeVar Burton,Tessa Blake,Stacey K. Black,Terrence O'Hara,Hart Bochner,Bethany Rooney,Rob Greenlea,Dennis Smith,Oz Scott,Alrick Riley,Elodie Keene,Le",2015-04-03,United States,6.8/260 times
Lost in Space,https://fmovies.to/film/lost-in-space.qk9m3,2,10,2020-07-14,1188,Sci-Fi,"Parker Posey,Cary Hiroyuki Tagawa,Toby Stephens,Ignacio Serricchio,Jj Feild,Molly Parker,Taylor Russell,Tattiawna Jones,Viv Leacock,Shaun Parkes",7.3,"Tim Southam,Stephen Surjik,Alex Graves,Neil Marshall,Jon East,Deborah Chow,Vincenzo Natali,David Nutter,Alice Troughton,Leslie Hope,Jabbar Raisani",2018-04-13,United States,"5.8/3,395 times"
The Mentalist,https://fmovies.to/film/the-mentalist.q6r3,7,12,2020-07-14,1195,"Drama,Thriller,Crime,Mystery","Simon Baker,Robin Tunney,Tim Kang",8.1,...,2008-09-23,United States,"6.4/1,950 times"
Survivor,https://fmovies.to/film/survivor.qxqow,40,14,2020-07-14,1197,"Reality-TV,Adventure,Game-Show","Jeff Probst,Rob Mariano,Rupert Boneham,Colby Donaldson,Jonathan Penner,Joe Anglim,Jeremy Collins,John Cochran,Parvati Shallow,Sandra Diaz Twine",7.2,"Michael Simon,Don Roy King,Glenn Weiss,Joe DeMaio,Bill Brady,Michael Dimich,Rob Klug",2000-05-31,United States,6.8/139 times
Ransom,https://fmovies.to/film/ransom.52860,3,13,2020-07-14,1208,Drama,"Alex Carter,Brandon Jay McLaren,Krista Bridges,Michael Ironside,Sarah Greene,Emma de Caunes,Karen LeBlanc,Natalie Brown,Jenessa Grant,Neet Mohan",6.6,"Eleanore Lindo,James Genn,Sturla Gunnarsson,Erik Canuel,Frédéric Forestier,François Velle,Bruce McDonald,Paul Fox,Charles Officer,Jon Jones,Laurence Katrian,Paul A. Kaufman,Richard J. Lewis,Norma Bailey,April Mullen",2017-06-21,"France,Canada",5.6/271 times
Are You the One?,https://fmovies.to/film/are-you-the-one.8zkq,8,11,2020-07-14,1210,Reality-TV,"Ryan Devlin,John Jacobs,Simone Kelly",6.6,...,2014-01-21,United States,5.2/303 times
Impulse,https://fmovies.to/film/impulse.kk7o6,2,10,2020-07-14,1212,"Sci-Fi,Action","Lauren Collins,Missi Pyle,Zack Pearlman,Enuka Okuma,Aidan Devine,Maddie Hasson,Eric Ladin,Shawn Doyle,Callum Keith Rennie,Rachel Wilson",7.5,"Mairzee Almas,Alex Kalymnios,Maggie Kiley,Doug Liman,Mark Tonderai,Cherien Dabis,Ed Fraiman,Rebecca Johnson,Helen Shaver,Valerie Weiss,Sydney Freeland,Julian Holmes,Alexis Ostrander,Jill Robertson",2018-06-06,United States,6.0/971 times
The Last Man on Earth,https://fmovies.to/film/the-last-man-on-earth.kkyr,4,18,2020-07-14,1220,"Comedy,Sci-Fi,Romance,Action","Will Forte,Cleopatra Coleman,January Jones",7.3,Will Forte,2015-03-01,United States,6.4/321 times
Two and a Half Men,https://fmovies.to/film/two-and-a-half-men.m2wq8,12,16,2020-07-14,1222,"Comedy,Romance","Melanie Lynskey,Emmanuelle Vaugier,DB Sweeney,Amber Tamblyn,Judy Greer,Ashton Kutcher,Jon Cryer,Charlie Sheen,Robert Clotworthy,Jenny McCarthy",7,"James Widdoes,Gary Halvorson,Pamela Fryman,Jeff Melman,Rob Schiller,Andy Ackerman,Ted Wass,Andrew D. Weyman,Lee Aronsohn,Jon Cryer,Robert Berlinger,Jerry Zaks,Jean Sagal,James Burrows,Gail Mancuso,Asaad Kelada,Chuck Lorre,Jay Sandrich,J.D. Lobue,Joel Zwic",2006-06-02,United States,"6.6/1,222 times"
Scream: The TV Series,https://fmovies.to/film/scream-the-tv-series.7vwj,3,6,2020-07-14,1224,"Crime,Mystery,Horror","Willa Fitzgerald,Bex Taylor Klaus,John Karna,Carlson Young,Mike Vaughn,Tracy Middendorf,Amadeus Serafini,Kiana Ledé",7.2,"Jay Beattie,Jill E. Blotevogel,Dan Dworkin",2015-06-30,United States,6.9/236 times
Sex and the City,https://fmovies.to/film/sex-and-the-city.pmxx,6,20,2020-07-14,1227,"Comedy,Romance","Kristin Davis,Kim Cattrall,Sarah Jessica Parker",7.1,Darren Star,1998-06-06,United States,5.8/813 times
The Real Housewives of Atlanta,https://fmovies.to/film/the-real-housewives-of-atlanta.pr1o4,12,26,2020-07-14,1238,Reality-TV,"Nene Leakes,Kandi Burruss,Phaedra Parks,Kim Fields,Claudia Jordan,Cynthia Bailey,Kenya Moore,Kim Zolciak Biermann,Sheree Whitfield,Peter A Thomas",4.3,"Doug Longwill,Terrance 'redd' Claiborne,Carlos P. Sanchez,Kenny Hull",2008-10-07,United States,5.8/56 times
America's Next Top Model,https://fmovies.to/film/americas-next-top-model.zl443,24,14,2020-07-14,1245,"Reality-TV,Game-Show","Tyra Banks,J Alexander,Jay Manuel,Nigel Barker,André Leon Talley,Paulina Porizkova,Twiggy,Janice Dickinson,Sutan Amrull,Ashley Graham",5.5,"Tony Croll,Claudia Frank,Bob Schermerhorn,Rebecca Taylor,Allison Coleman,Kevin Mock,Guido Verweyen,Bryan O'Donnell,J. Rupert Thompson,Amy Elkins,Chris Fennimore,Nisha Ganatra,Melissa Bidwell,Tim Piniak,Ari Wood,Luis Barreto",2011-09-14,United States,5.9/134 times
Deep State,https://fmovies.to/film/deep-state.jj50n,2,8,2020-07-14,1246,"Drama,Thriller,Action","Mark Strong,Alistair Petrie,Walton Goggins,Kae Alexander,Joe Dempsie,Pip Torrens,Adam James,Alexander Siddig,Adrien Jolivet,William Hope",7,"Matthew Parkhill,Robert Connolly,Joss Agnew",2018-04-05,United Kingdom,5.8/353 times
Judge Judy,https://fmovies.to/film/judge-judy.jj602,23,213,2020-07-14,1251,"Reality-TV,Crime","John Lydon,Jodi Long,Judy Sheindlin,Petri Hawkins Byrd,Jerry Bishop,Damian Cecere,Jessica Ellen King,Thomas Yowell,TJ Myers,Dusty Lane",6,"Randy Douthit,Jerry Kupcinet,Joseph Carolei,Martin Pasetta",1996-09-16,United States,6.2/42 times
Wynonna Earp,https://fmovies.to/film/wynonna-earp.lmrm,3,12,2020-07-14,1268,"Drama,Thriller,Action,Western,Fantasy,Mystery","Katherine Barrell,Melanie Scrofano,Tim Rozon",7.4,...,2016-04-01,"United States,Canada",6.9/610 times
The Grand Tour,https://fmovies.to/film/the-grand-tour.ll623,4,1,2020-07-14,1269,"Reality-TV,Comedy","Roger Daltrey,Alexandra Felstead,Richard Hammond,Jeremy Clarkson,James May,Simon Pegg,Kiefer Sutherland,Bill Goldberg,Tim Burton,David Hasselhoff",8.7,"Kit Lynch Robinson,Phil Churchward,Brian Klein,Gavin Whitehead",2016-11-18,"United States,United Kingdom","7.6/7,820 times"
The Mick,https://fmovies.to/film/the-mick.808vn,2,20,2020-07-14,1278,Comedy,"Caitlin Carmichael,Dave Annable,Jay Mohr,Sofia Black Delia,Concetta Tomei,Matthew Glave,Kaitlin Olson,Tricia OKelley,Suzanne Whang,Andy Favreau",7.8,"Matt Sohn,Randall Einhorn,Kat Coiro,Richie Keen,Eva Longoria,Eric Dean Seaton,Rebecca Asher,Todd Biermann,Iain B. MacDonald,Geeta Patel,Silver Tree,Dave Chernin,Michael McDonald,Amy York Rubin",2017-11-10,United States,6.7/577 times
Strike Back,https://fmovies.to/film/strike-back.113w,8,10,2020-07-14,1280,"Drama,Thriller,Action","Robson Green,Sullivan Stapleton,Philip Winchester,Michelle Lukes,Rhashan Stone",8.2,...,2011-08-11,United Kingdom,6.1/368 times
Castle Rock,https://fmovies.to/film/castle-rock.5k5kv,2,10,2020-07-14,1282,"Drama,Thriller,Fantasy,Mystery,Horror","Melanie Lynskey,Scott Glenn,Lizzy Caplan,Adam Rothenberg,Tim Robbins,Sissy Spacek,Paul Sparks,Jane Levy,Barkhad Abdi,Aaron Staton",7.6,"Greg Yaitanes,Michael Uppendahl,Phil Abraham,Anne Sewitsky,Ana Lily Amirpour,Daniel Attias,Andrew Bernstein,Kevin Hooks,Nicole Kassell,Julie Anne Robinson,Lisa BrÃ¼hlmann,Craig William Macneill,Loni Peristere,Mark Tonderai",2018-10-18,United States,6.7/714 times
Schitt's Creek,https://fmovies.to/film/schitts-creek.4q0ok,6,14,2020-07-14,1283,Comedy,"Ennis Esmer,Eugene Levy,Catherine OHara,Dustin Milligan,Steve Lund,Dan Levy,Noah Reid,Chris Elliott,Tim Rozon,Karen Robinson",8.4,"Paul Fox,Jerry Ciccoritti,Jordan Canning,Andrew Cividino,T.W. Peacocke,Sturla Gunnarsson,Bruce McCulloch,Laurie Lynd,Dan Levy,Donna Croce",2015-01-13,"United States,Canada",6.5/185 times
SpongeBob SquarePants,https://fmovies.to/film/spongebob-squarepants.q82v,12,2,2020-07-14,1289,"Animation,Comedy,Fantasy,Family","Tom Kenny,Rodger Bumpass,Bill Fagerbakke",8.1,...,1999-05-01,United States,7.1/928 times
Star Wars Rebels,https://fmovies.to/film/star-wars-rebels.y39p,4,16,2020-07-14,1294,"Animation,Sci-Fi,Adventure,Action,Fantasy","Freddie Prinze Jr,Steve Blum,Vanessa Marshall",8,"Simon Kinberg,Carrie Beck,Dave Filoni",2014-09-26,United States,6.4/632 times
"Roswell, New Mexico",https://fmovies.to/film/roswell-new-mexico.mqk4p,2,13,2020-07-14,1297,"Drama,Sci-Fi,Romance","Jason Behr,Jeanine Mason,Sherri Saum,Claudia Black,Heather Hemmens,Kiowa Gordon,Chelsea Edmundson,Nathan Parsons,Tyler Blackburn,Michael Trevino",6.1,"Lance Anderson,Jeffrey G. Hunt,Tim Andrew,Shiri Appleby,Geoffrey Wing Shotz,Julie Plec,Ruba Nadda,Edward Ornelas,Paul Wesley,Dawn Wilkinson,Barbara Brown,Joanna Kerns,Kimberly McCullough,Rachel Raimist,Marcus Stokes,Aisha Tyler,Franklin A. Vallette",2019-01-15,United States,6.5/539 times
Runaways,https://fmovies.to/film/runaways.wo8nk,3,10,2020-07-14,1301,"Drama,Sci-Fi,Action","Brittany Ishibashi,Gregg Sulkin,Ever Carradine,Elizabeth Hurley,James Marsters,Kip Pardue,Virginia Gardner,Julian McMahon,Danielle Campbell,Brigid Brannagh",7,"Ramsey Nickell,Jeremy Webb,Jeffrey W. Byrd,Patrick R. Norris,Allison Liddi-Brown,Larry Teng,Roxann Dawson,Peter Hoar,Nina Lopez-Corrado,Brett Morgen,Millicent Shelton,Chris Fisher,Marc Jobst,James Madigan,Ami Canaan Mann,Anna Mastro,Scott Peters,Wendey St",2018-12-04,United States,"6.0/3,231 times"
Avengers Assemble,https://fmovies.to/film/avengers-assemble.04w7,5,23,2020-07-14,1303,"Animation,Sci-Fi,Adventure,Action","Roger Craig Smith,Fred Tatasciore,Troy Baker",7,...,2013-05-26,United States,6.5/539 times
Wizards of Waverly Place,https://fmovies.to/film/wizards-of-waverly-place.7j738,4,27,2020-07-14,1304,"Comedy,Fantasy,Family","Bridgit Mendler,Skyler Samuels,Selena Gomez,David Henrie,Jake T Austin,Jennifer Stone,Gregg Sulkin,Veronica Sixtos,Hayley Kiyoko,Bailee Madison",6.8,"Victor Gonzalez,Bob Koherr,Robert Berlinger,Mark Cendrowski,Guy Distad,David DeLuise,Robbie Countryman,Fred Savage,Andrew Tsao,Joe Regalbuto,Ken Ceizler,Mary Lou Belli,Jean Sagal,Jody Margolin Hahn",2007-10-12,United States,6.2/928 times
Veronica Mars,https://fmovies.to/film/veronica-mars.pxmq,4,8,2020-07-14,1310,"Drama,Crime,Mystery","Kristen Bell,Jason Dohring,Francis Capra,Enrico Colantoni,Percy Daggs III,Ryan Hansen,Teddy Dunn,Michael Muhney",8.3,...,2004-09-22,United States,5.8/618 times
Santa Clarita Diet,https://fmovies.to/film/santa-clarita-diet.7j5o7,3,10,2020-07-14,1312,"Comedy,Horror","Drew Barrymore,Timothy Olyphant,Thomas Lennon,Zachary Knighton,Nathan Fillion,Ethan Suplee,Shalita Grant,Alan Tudyk,Maggie Lawson,Goran Visnjic",7.8,"Marc Buckland,Ken Kwapis,Steve Pink,Ruben Fleischer,Adam Arkin,Tamra Davis,Dean Parisot,Lynn Shelton,Craig Zisk,Jamie Babbit,Jaffar Mahmood,Andy Ackerman,Rebecca Asher,Geeta Patel",2017-02-03,United States,6.4/811 times
The Last Kingdom,https://fmovies.to/film/the-last-kingdom.x07q,4,10,2020-07-14,1315,"Romance,Action,History","Alexander Dreymon,Nicholas Rowe,Emily Cox",8.4,...,2015-10-10,United Kingdom,6.8/838 times
Dance Moms,https://fmovies.to/film/dance-moms.l1jm,8,12,2020-07-14,1319,Reality-TV,"Abby Lee Miller,Maddie Ziegler,Mackenzie Ziegler",4.6,...,2011-07-13,United States,6.8/520 times
Sneaky Pete,https://fmovies.to/film/sneaky-pete.vvoj7,3,10,2020-07-14,1321,"Drama,Crime","Giovanni Ribisi,Kevin Chapman,Jacob Pitts,Ethan Embry,Margo Martindale,Jay O Sanders,M Emmet Walsh,Ricky Jay,Jennifer Ferrin,Marin Ireland",8.2,"Jon Avnet,Laura Innes,Michael Dinner,Adam Arkin,Clare Kilner,Seth Gordon,Sarah Pia Anderson,Bryan Cranston,Michael Pressman,Rosemary Rodriguez,Craig Zisk,Adam Bernstein,Denise Di Novi,Ami Canaan Mann,Cherie Nowlan,Giovanni Ribisi,Helen Shaver,Nick Gomez,L",2017-01-27,United States,6.6/297 times
Smallville,https://fmovies.to/film/smallville.30n9,10,22,2020-07-14,1323,"Drama,Sci-Fi,Adventure,Romance","Kristin Kreuk,Erica Durance,John Schneider,John Glover,Tom Welling,Michael Rosenbaum,Allison Mack,Annette Otoole",7.4,"Alfred Gough,Miles Millar",2001-01-01,"United States,Canada","6.7/1,408 times"
Madam Secretary,https://fmovies.to/film/madam-secretary.lz4m,6,10,2020-07-14,1329,Drama,"Téa Leoni,Tim Daly,Geoffrey Arend,Erich Bergen,Zeljko Ivanek,Patina Miller,Kathrine Herzer,Evan Roe",7.6,...,2014-09-21,United States,6.2/437 times
Harrow,https://fmovies.to/film/harrow.l35lm,2,10,2020-07-14,1344,Drama,"Ioan Gruffudd,Richard Brancatisano,Grant Bowler,Mirrah Foulkes,Ditch Davey,Richard Green,Hunter Page Lochard,Anna Lise Phillips,Heather Mitchell,Remy Hii",7.6,"Tony Krawitz,Daniel Nettheim,Peter Salmon,Tony Tilse,Peter Andrikidis,Grant Brown,Declan Eames,Catherine Millar,Kate Dennis,Catriona McKenzie,Geoff Bennett,Mairi Cameron",2020-02-29,"United States,Australia",5.7/275 times
Fleabag,https://fmovies.to/film/fleabag.n3kql,2,6,2020-07-14,1346,"Drama,Comedy","Fiona Shaw,Kristin Scott Thomas,Olivia Colman,Phoebe Waller Bridge,Jamie Demetriou,Kae Alexander,Brett Gelman,Bill Paterson,Anthony Welsh,Ben Aldridge",8.7,"Harry Bradbeer,Tim Kirkby",2017-02-10,United Kingdom,6.5/283 times
Poldark,https://fmovies.to/film/poldark.3jly,5,8,2020-07-14,1357,"Drama,Romance,History","Aidan Turner,Eleanor Tomlinson,Kyle Soller,Heida Reed,Tristan Sturrock,Jack Farthing,Caroline Blakiston,Ed Browning",8.3,...,2015-06-21,United Kingdom,6.5/368 times
Futurama,https://fmovies.to/film/futurama.w1m17,7,26,2020-07-14,1366,"Animation,Comedy,Sci-Fi,Romance","Lucy Liu,Tress MacNeille,Maurice LaMarche,Leonard Nimoy,Phil LaMarr,Billy West,Tom Kenny,Katey Sagal,David Herman,Dan Castellaneta",8.4,"Peter Avanzino,Bret Haaland,Gregg Vanzo,Ron Hughart,Brian Sheesley,Crystal Chesney,Frank Marino,Raymie Muzquiz,Stephen Sandoval,Susie Dietter,Mark Ervin,Dwayne Carey-Hill,Rich Moore,Edmund Fong,Chris Loudon,James Purdum,Swinton O. Scott III,Chris Sauve,Ra",1999-03-28,United States,6.7/373 times
MasterChef Australia,https://fmovies.to/film/masterchef-australia.1np0w,12,57,2020-07-14,1369,Reality-TV,"Gary Mehigan,George Calombaris,Matt Preston,Nick McKay,Callum Hann,Andy Allen,Hayden Quinn,Poh Ling Yeow,Dani Venn,Chris Badenoch",8.2,"Michael Venables,Richard Smead,Richard Franc,Jo Siddiqui",2009-04-27,Australia,6.3/153 times
The Fresh Prince of Bel-Air,https://fmovies.to/film/the-fresh-prince-of-bel-air.olky,6,24,2020-07-14,1374,Comedy,"Will Smith,James Avery,Alfonso Ribeiro",7.9,"Andy Borowitz,Susan Borowitz",1990-09-10,United States,"6.7/1,486 times"
The First 48,https://fmovies.to/film/the-first-48.qxkzv,15,31,2020-07-14,1375,"Reality-TV,Crime,Mystery","Dion Graham,Caroline Mason,Tony Mullins,Jason White,Matt Frazier,John Brown,John Palmer,Dave Walker,Kevin Thompson,Mark Kennedy",8.2,Peter Tarshis,2004-06-03,United States,7.2/60 times
Private Eyes,https://fmovies.to/film/private-eyes.l0yq,3,12,2020-07-14,1389,Drama,"Cindy Sampson,Jason Priestley,Barry Flatman",7.4,...,2018-02-11,Canada,6.8/255 times
Ash vs Evil Dead,https://fmovies.to/film/ash-vs-evil-dead.qzzv,3,10,2020-07-14,1401,"Comedy,Action,Horror","Bruce Campbell,Jill Marie Jones,Ray Santiago",8.4,"Ivan Raimi,Sam Raimi,Tom Spezialy",2015-10-31,United States,7.8/647 times
The Sinner,https://fmovies.to/film/the-sinner.l3poz,3,8,2020-07-14,1414,"Drama,Thriller,Mystery","Christopher Abbott,Jessica Biel,Chris Messina,Jacob Pitts,Bill Pullman,Matt Bomer,Jay O Sanders,Natalie Paul,David Call,Jessica Hecht",8,"Antonio Campos,Tucker Gates,Brad Anderson,Cherien Dabis,Jody Lee Lipes,John David Coles,Adam Bernstein,Andrew McCarthy,Colin Bucksey,Radium Cheung,Rachel Goldberg,Derek Simonds",2017-09-21,United States,"6.1/1,110 times"
Project Blue Book,https://fmovies.to/film/project-blue-book.pjnwx,2,10,2020-07-14,1420,"History,Mystery","Neal McDonough,Michael Imperioli,Aidan Gillen,Robert John Burke,Sofia Milos,Matt Oleary,Laura Mennell,Currie Graham,Ksenia Solo,Heather Doerksen",7.6,"Norma Bailey,Pete Travis,Thomas Carter,Alex Graves,Robert Stromberg,Deran Sarafian,Wendey Stanzler,Loni Peristere,John Scott",2019-10-21,United States,7.4/366 times
Life in Pieces,https://fmovies.to/film/life-in-pieces.2wo4,4,13,2020-07-14,1437,Comedy,"Colin Hanks,Betsy Brandt,Thomas Sadoski",8,Justin Adler,2015-09-21,United States,6.2/150 times
The OA,https://fmovies.to/film/the-oa.jv8q2,2,8,2020-07-14,1452,"Drama,Sci-Fi,Fantasy,Mystery","Zendaya,Jason Isaacs,Alice Krige,Paz Vega,Patrick Gibson,Emory Cohen,Brit Marling,Vincent Kartheiser,Irène Jacob,Brandon Perea",7.9,"Zal Batmanglij,Andrew Haigh,Anna Rose Holmer",2016-12-16,United States,7.2/535 times
Hell's Kitchen,https://fmovies.to/film/hells-kitchen.w1zqo,18,13,2020-07-14,1478,"Reality-TV,Game-Show","Gordon Ramsay,Jean Philippe Susilovic,Scott Leibfried,James Avery,Jason Thompson,Andi Van Willigan,Heather Williams,Christina Wilson,Marino Monferrato,James Lukanik",7.1,"Sharon Trojan Hollinger,Mark W. Roden,Philip Abatecola,Thomas Loureiro,Jeremy Weiss,Ian Kenney,Tony Croll,Brad Kreisberg,Iain Thompson,Tom Rule",2005-05-30,United States,7.4/166 times
Shark Tank,https://fmovies.to/film/shark-tank.r1wn,11,24,2020-07-14,1486,Reality-TV,"Kevin OLeary,Robert Herjavec,Phil Crowley",7.6,...,2009-08-08,United States,6.5/171 times
"Midnight, Texas",https://fmovies.to/film/midnight-texas.prnzj,2,9,2020-07-14,1500,"Drama,Fantasy,Mystery","Arielle Kebbel,Dylan Bruce,Josh Kelly,François Arnaud,Jaime Murray,Sean Bridgers,Peter Mensah,Ryan Mccartan,Jason Lewis,Yul Vazquez",7.4,"David Solomon,Nick Gomez,Tim Andrew,Rob Greenlea,Mairzee Almas,Greg Beeman,Milan Cheylov,Niels Arden Oplev,Steve Shill,Kevin Tancharoen,Neema Barnette,Stacey K. Black,Barbara Brown,P.J. Pesce,Jim Ramos Vickers",2017-07-24,United States,6.7/680 times
The Middle,https://fmovies.to/film/the-middle.n3nyn,9,23,2020-07-14,1515,Comedy,"Chris Kattan,Jen Ray,Greg Cipes,Atticus Shaffer,Patricia Heaton,Brian Doyle Murray,Neil Flynn,Charlie Mcdermott,Alphonso Mcauley,Eden Sher",7.5,"Lee Shallat Chemel,Phil Traill,Elliot Hegarty,Blake T. Evans,Ken Whittingham,Danny Salles,Wendey Stanzler,Melissa Kosar,Barnet Kellman,Alex Reid,Eileen Heisler,Victor Nelli Jr.,Jaffar Mahmood,Jamie Babbit,Julie Anne Robinson,Michael Spiller,Paul Lazarus,C",2010-09-03,United States,7.1/354 times
Lost,https://fmovies.to/film/lost.ywnj,6,17,2020-07-14,1519,"Drama,Thriller,Sci-Fi,Adventure,Fantasy,Mystery","Matthew Fox,Jorge Garcia,Naveen Andrews",8.3,"J.j. Abrams,Jeffrey Lieber,Damon Lindelof",2004-09-22,United States,"6.4/1,279 times"
Making a Murderer,https://fmovies.to/film/making-a-murderer.k1v4,2,10,2020-07-14,1526,Documentary,Steven Avery,8.6,...,2015-12-18,United States,6.5/567 times
Gossip Girl,https://fmovies.to/film/gossip-girl.km3v,6,11,2020-07-14,1527,"Drama,Romance","Leighton Meester,Blake Lively,Penn Badgley",7.4,"Stephanie Savage,Josh Schwartz",2007-09-19,United States,"5.7/2,573 times"
Scream Queens,https://fmovies.to/film/scream-queens.w1r67,2,10,2020-07-14,1531,"Comedy,Mystery,Horror","Emma Roberts,Nick Jonas,Skyler Samuels,Niecy Nash,Jamie Lee Curtis,Keke Palmer,Kirstie Alley,Diego Boneta,Glen Powell,Abigail Breslin",7.1,"Barbara Brown,Brad Falchuk,Bradley Buecker,Michael Uppendahl,Ian Brennan,Michael Lehmann,Ryan Murphy,Jamie Lee Curtis,Maggie Kiley,Loni Peristere,Mary Wigmore",2017-07-01,United States,6.3/885 times
On My Block,https://fmovies.to/film/on-my-block.7w9q1,3,8,2020-07-14,1533,Comedy,"Emilio Rivera,Brent Werzner,Shoshana Bush,Ada Luz Pla,Jahking Guillory,Eme Ikwuakor,Gilberto Ortiz,Ronni Hawk,Jessica Marie Garcia,Reggie Austin",8.1,"Lauren Iungerich,Ryan Shiraki,Steven K. Tsuchida,Jeremy Haft,Erica Watson,Valerie Finkel",2018-03-16,International,"6.1/1,482 times"
The Goldbergs,https://fmovies.to/film/the-goldbergs.6l07z,7,23,2020-07-14,1535,Comedy,"Bryan Callen,Niko Guardado,AJ Michalka,George Segal,Alex Jennings,David Koechner,Sean Giambrone,Sam Lerner,Stephen Tobolowsky,Patton Oswalt",8.1,"David Katzenberg,Lew Schneider,Jay Chandrasekhar,Victor Nelli Jr.,Seth Gordon,Lea Thompson,Jason Blount,Claire Scanlon,Michael Patrick Jann,Richie Keen,Joanna Kerns,Kevin Smith,Christine Lakin,Melissa Joan Hart,Fred Savage,Jon Corn,Anton Cropper,Vernon Da",2015-10-17,United States,7.1/452 times
Mr. Mercedes,https://fmovies.to/film/mr-mercedes.6vl8z,3,10,2020-07-14,1544,Thriller,"Nancy Travis,Mary Louise Parker,Harry Treadaway,Kelly Lynch,Brendan Gleeson,Jack Huston,Bruce Dern,Natalie Paul,Brett Gelman,Glynn Turman",7.9,"Jack Bender,Laura Innes,John David Coles,Kevin Hooks,Peter Weller,Michael J. Leone",2019-05-01,United States,6.5/493 times
Bad Girls Club,https://fmovies.to/film/bad-girls-club.w1w96,17,12,2020-07-14,1547,"Drama,Reality-TV","Tanisha Thomas,Neveen Ismael,Kerry Harvick,Aimee Landi,Zara Sprankle,Cordelia Gitter,Jodie Howell,Jennavecia Russo,Natalie Nunn,Sarah So Oliver",4.6,"Brad Tiemann,Steve Ezell,Kasey Barrett,Claudia Frank,Esther Frank",2006-12-05,United States,6.0/187 times
The Amazing World of Gumball,https://fmovies.to/film/the-amazing-world-of-gumball.6pj0,5,39,2020-07-14,1556,"Animation,Comedy,Romance,Fantasy,Family","Kerry Shale,Jacob Hopkins,Terrell Ransom Jr,Dan Russell,Teresa Gallagher,Logan Grove,Kwesi Boakye,Kyla Rae Kowalewski",8.2,...,2011-05-03,"United States,United Kingdom,Ireland",7.1/424 times
House of Cards,https://fmovies.to/film/house-of-cards.z1ow,6,8,2020-07-14,1574,Drama,"Robin Wright,Kevin Spacey,Michel Gill",8.7,...,2013-02-01,United States,"6.9/1,973 times"
The Wire,https://fmovies.to/film/the-wire.2wzl,5,10,2020-07-14,1576,"Drama,Thriller,Crime","Dominic West,Lance Reddick,Sonja Sohn",9.3,David Simon,2002-06-02,United States,6.2/855 times
Insatiable,https://fmovies.to/film/insatiable.nrj0n,2,10,2020-07-14,1590,"Drama,Comedy","Dallas Roberts,Michael Ian Black,Beverly DAngelo,Alyssa Milano,Christopher Gorham,Debby Ryan,Vincent Rodriguez Iii,Brett Rice,Chloe Bridges,Arden Myrin",6.6,"Andrew Fleming,Brian Dannelly,Lev L. Spiro,Elodie Keene,Maggie Kiley,Steven K. Tsuchida,Nancy Hower,Damian Marcano,Ryan Shiraki,Suzi Yoonessi",2018-08-10,United States,"5.6/1,927 times"
Saturday Night Live,https://fmovies.to/film/saturday-night-live.jv05n,45,18,2020-07-14,1594,"Comedy,Music","Bill Hader,Will Forte,Tina Fey,Will Ferrell,Chris Kattan,Amy Poehler,Tracy Morgan,Maya Rudolph,Jason Sudeikis,Kate McKinnon",8.1,"Dave Wilson,Don Roy King,Beth McCarthy-Miller,James Signorelli,Akiva Schaffer,Paul Briganti,Osmany Rodriguez,Paul Miller,Rhys Thomas,Gary Weis,David Wachtenheim,Hannah Levy,Adriana Robles,Jorma Taccone,Walter Williams,Dave McCary,Tom Schiller,Robert Maria",1975-10-11,United States,7.8/58 times
What We Do in the Shadows,https://fmovies.to/film/what-we-do-in-the-shadows.qk4x3,2,10,2020-07-14,1599,Comedy,"Craig Robinson,Doug Jones,Matt Berry,Kayvan Novak,Jake Mcdorman,Abigail Savage,Rob Ramsay,Hayden Szeto,Mark Proksch,Marissa Jaret Winokur",8.4,"Jemaine Clement,Taika Waititi,Kyle Newacheck,Jackie van Beek,Jason Woliner,Yana Gorskaya,Liza Johnson",2019-03-28,United States,7.8/349 times
