tv_name,watch_link,season,episodes,date_added,site_rank
Game of Thrones,https://fmovies.to/film/game-of-thrones.3yl2,8,6,2020-07-15,2
The Big Bang Theory,https://fmovies.to/film/the-big-bang-theory.n5x8,12,23,2020-07-15,16
Power,https://fmovies.to/film/power.90q0,6,15,2020-07-15,21
Stranger Things,https://fmovies.to/film/stranger-things.zmj2,3,8,2020-07-15,42
The Flash,https://fmovies.to/film/the-flash.w34k,6,19,2020-07-15,44
Rick and Morty,https://fmovies.to/film/rick-and-morty.6vp4,4,10,2020-07-15,60
The Walking Dead,https://fmovies.to/film/the-walking-dead.nql,10,15,2020-07-15,69
Grey's Anatomy,https://fmovies.to/film/greys-anatomy.n52n,16,21,2020-07-15,75
The Handmaid's Tale,https://fmovies.to/film/the-handmaids-tale.zljy2,3,13,2020-07-15,79
Titans,https://fmovies.to/film/titans.6v629,2,13,2020-07-15,93
Queen of the South,https://fmovies.to/film/queen-of-the-south.w20o,4,13,2020-07-15,100
Lucifer,https://fmovies.to/film/lucifer.2834,4,10,2020-07-15,118
Snowfall,https://fmovies.to/film/snowfall.llvl3,3,10,2020-07-15,120
Jane the Virgin,https://fmovies.to/film/jane-the-virgin.5p00,5,19,2020-07-15,123
Young Justice,https://fmovies.to/film/young-justice.723j,3,26,2020-07-15,129
The Good Doctor,https://fmovies.to/film/the-good-doctor.jjpq8,3,20,2020-07-15,133
Gotham,https://fmovies.to/film/gotham.p549,5,12,2020-07-15,146
Brooklyn Nine-Nine,https://fmovies.to/film/brooklyn-nine-nine.7k4y,7,13,2020-07-15,148
Legacies,https://fmovies.to/film/legacies.z178l,2,16,2020-07-15,153
Into the Badlands,https://fmovies.to/film/into-the-badlands.81yo,3,16,2020-07-15,156
The Originals,https://fmovies.to/film/the-originals.r81q,5,13,2020-07-15,159
The Punisher,https://fmovies.to/film/the-punisher.l33wz,2,13,2020-07-15,160
Star Trek: Discovery,https://fmovies.to/film/star-trek-discovery.6vw6z,2,14,2020-07-15,161
The Blacklist,https://fmovies.to/film/the-blacklist.l3zq,7,19,2020-07-15,167
Suits,https://fmovies.to/film/suits.zl02,9,10,2020-07-15,172
Riverdale,https://fmovies.to/film/riverdale.zlynw,4,19,2020-07-15,174
Animal Kingdom,https://fmovies.to/film/animal-kingdom.pxyx,4,13,2020-07-15,175
Fear the Walking Dead,https://fmovies.to/film/fear-the-walking-dead.mpp,5,16,2020-07-15,177
Cobra Kai,https://fmovies.to/film/cobra-kai.xj41v,2,10,2020-07-15,200
Vikings,https://fmovies.to/film/vikings.30p8,6,10,2020-07-15,211
The Gifted,https://fmovies.to/film/the-gifted.6v0j9,2,16,2020-07-15,212
Star,https://fmovies.to/film/star.jv8kn,3,18,2020-07-15,217
How to Get Away with Murder,https://fmovies.to/film/how-to-get-away-with-murder.w3y6,6,15,2020-07-15,218
Friends,https://fmovies.to/film/friends.vv866,10,17,2020-07-15,222
Young Sheldon,https://fmovies.to/film/young-sheldon.jjpmy,3,21,2020-07-15,226
Modern Family,https://fmovies.to/film/modern-family.ylvx,11,17,2020-07-15,228
Supernatural,https://fmovies.to/film/supernatural.9qmx,15,13,2020-07-15,236
Big Little Lies,https://fmovies.to/film/big-little-lies.prlv6,2,7,2020-07-15,237
Supergirl,https://fmovies.to/film/supergirl.486k,5,19,2020-07-15,239
Peaky Blinders,https://fmovies.to/film/peaky-blinders.90vn,5,6,2020-07-15,241
American Gods,https://fmovies.to/film/american-gods.vv1z7,2,8,2020-07-15,244
Shameless,https://fmovies.to/film/shameless.1z9x,10,12,2020-07-15,247
The Vampire Diaries,https://fmovies.to/film/the-vampire-diaries.23v4,8,16,2020-07-15,250
Arrow,https://fmovies.to/film/arrow.x58v,8,10,2020-07-15,254
American Horror Story,https://fmovies.to/film/american-horror-story.3vw9,9,9,2020-07-15,261
Money Heist,https://fmovies.to/film/money-heist.7wy6y,4,8,2020-07-15,263
Avatar: The Last Airbender,https://fmovies.to/film/avatar-the-last-airbender.rn9m,3,21,2020-07-15,268
Sacred Games,https://fmovies.to/film/sacred-games.oo7k4,2,8,2020-07-15,273
Teen Wolf,https://fmovies.to/film/teen-wolf.5wz0,6,20,2020-07-15,279
The Orville,https://fmovies.to/film/the-orville.ooo2j,2,14,2020-07-15,282
All American,https://fmovies.to/film/all-american.0r6zk,2,16,2020-07-15,298
S.W.A.T.,https://fmovies.to/film/swat.xjx1z,3,21,2020-07-15,304
Sex Education,https://fmovies.to/film/sex-education.1rkvq,2,8,2020-07-15,323
True Detective,https://fmovies.to/film/true-detective.6404,3,8,2020-07-15,326
Family Guy,https://fmovies.to/film/family-guy.qovw,18,20,2020-07-15,329
Chicago P.D.,https://fmovies.to/film/chicago-pd.6wv7,7,20,2020-07-15,334
Daredevil,https://fmovies.to/film/daredevil.jj9y,3,13,2020-07-15,335
Krypton,https://fmovies.to/film/krypton.v5xk6,2,10,2020-07-15,338
This Is Us,https://fmovies.to/film/this-is-us.w1qn4,4,18,2020-07-15,340
Dynasty,https://fmovies.to/film/dynasty.xj13v,3,20,2020-07-15,341
Orange Is the New Black,https://fmovies.to/film/orange-is-the-new-black.oo1j,7,13,2020-07-15,344
Lethal Weapon,https://fmovies.to/film/lethal-weapon.rloyq,3,15,2020-07-15,345
Breaking Bad,https://fmovies.to/film/breaking-bad.xjnw,5,16,2020-07-15,346
Empire,https://fmovies.to/film/empire.80yn,6,18,2020-07-15,348
Westworld,https://fmovies.to/film/westworld.801pn,3,8,2020-07-15,355
The Office,https://fmovies.to/film/the-office.qnpj,9,25,2020-07-15,356
Prison Break,https://fmovies.to/film/prison-break.lxrz,5,9,2020-07-15,358
SEAL Team,https://fmovies.to/film/seal-team.nrpzn,3,20,2020-07-15,363
Elementary,https://fmovies.to/film/elementary.r1vo,7,13,2020-07-15,371
Mayans M.C.,https://fmovies.to/film/mayans-mc.8n5rn,2,10,2020-07-15,377
South Park,https://fmovies.to/film/south-park.jvyx2,23,10,2020-07-15,384
DC's Legends of Tomorrow,https://fmovies.to/film/dcs-legends-of-tomorrow.5860,5,15,2020-07-15,397
The Rookie,https://fmovies.to/film/the-rookie.8nv0y,2,20,2020-07-15,398
You,https://fmovies.to/film/you.9262m,2,10,2020-07-15,409
Hawaii Five-0,https://fmovies.to/film/hawaii-five-0.08p5,10,22,2020-07-15,410
FBI,https://fmovies.to/film/fbi.4j6lm,2,19,2020-07-15,414
Atlanta,https://fmovies.to/film/atlanta.ll30m,2,11,2020-07-15,416
Ballers,https://fmovies.to/film/ballers.38xy,5,8,2020-07-15,424
Pretty Little Liars,https://fmovies.to/film/pretty-little-liars.48mo,7,21,2020-07-15,426
"""The Geekly News"" GEEKLY NEWS - SUPERGIRL, CAPTAIN AMERICA 3, ARROW, WOLVERINE and MORE!!!",https://fmovies.to/film/quotthe-geekly-newsquot-geekly-news-supergirl-captain-america-3-arrow-wolverine-and-more.q903,3,23,2020-07-15,430
The Resident,https://fmovies.to/film/the-resident.0r3l5,3,20,2020-07-15,438
Mr. Robot,https://fmovies.to/film/mr-robot.59xq,4,13,2020-07-15,439
Chicago Fire,https://fmovies.to/film/chicago-fire.r2rn,8,20,2020-07-15,443
Queen Sugar,https://fmovies.to/film/queen-sugar.ojoyz,4,13,2020-07-15,444
Shadowhunters,https://fmovies.to/film/shadowhunters.j624,3,22,2020-07-15,452
How I Met Your Mother,https://fmovies.to/film/how-i-met-your-mother.v7l6,9,24,2020-07-15,462
Claws,https://fmovies.to/film/claws.2o1m4,3,10,2020-07-15,470
Shooter,https://fmovies.to/film/shooter.jv1jy,3,13,2020-07-15,472
Star Wars: The Clone Wars,https://fmovies.to/film/star-wars-the-clone-wars.lxyn,7,12,2020-07-15,483
The Good Place,https://fmovies.to/film/the-good-place.m2j3v,4,13,2020-07-15,488
9-1-1,https://fmovies.to/film/9-1-1.0r3q9,3,18,2020-07-15,497
Scorpion,https://fmovies.to/film/scorpion.prr4,4,22,2020-07-15,501
Wentworth,https://fmovies.to/film/wentworth.qnxn,7,10,2020-07-15,506
The 100,https://fmovies.to/film/the-100.4wzo,7,8,2020-07-15,507
Charmed,https://fmovies.to/film/charmed.8nvky,2,19,2020-07-15,508
Better Call Saul,https://fmovies.to/film/better-call-saul.jjxy,5,10,2020-07-15,510
The Legend of Korra,https://fmovies.to/film/the-legend-of-korra.m2ow7,4,13,2020-07-15,511
New Amsterdam,https://fmovies.to/film/new-amsterdam.xjn08,2,18,2020-07-15,516
Criminal Minds,https://fmovies.to/film/criminal-minds.j36n,15,10,2020-07-15,520
Luke Cage,https://fmovies.to/film/luke-cage.m23jv,2,13,2020-07-15,526
Pose,https://fmovies.to/film/pose.kkly4,2,10,2020-07-15,532
Cloak & Dagger,https://fmovies.to/film/cloak-dagger.pj7kx,2,10,2020-07-15,537
Homeland,https://fmovies.to/film/homeland.k3qr,8,12,2020-07-15,538
Scandal,https://fmovies.to/film/scandal.4voj,7,18,2020-07-15,546
Good Trouble,https://fmovies.to/film/good-trouble.xjyr3,2,18,2020-07-15,547
NCIS: Los Angeles,https://fmovies.to/film/ncis-los-angeles.pxwx,11,22,2020-07-15,551
Preacher,https://fmovies.to/film/preacher.k7q4,4,10,2020-07-15,560
NCIS,https://fmovies.to/film/ncis.ll39m,17,20,2020-07-15,562
Impractical Jokers,https://fmovies.to/film/impractical-jokers.jp03,8,26,2020-07-15,566
Black-ish,https://fmovies.to/film/black-ish.nov8,6,23,2020-07-15,574
Archer,https://fmovies.to/film/archer.llknz,10,9,2020-07-15,578
Jessica Jones,https://fmovies.to/film/jessica-jones.118m,3,13,2020-07-15,580
Quantico,https://fmovies.to/film/quantico.v4mv,3,12,2020-07-15,582
Law & Order: Special Victims Unit,https://fmovies.to/film/law-order-special-victims-unit.6lxm4,21,21,2020-07-15,584
Basketball Wives,https://fmovies.to/film/basketball-wives.59r5m,8,12,2020-07-15,589
Tom Clancy's Jack Ryan,https://fmovies.to/film/tom-clancys-jack-ryan.mq1pz,2,8,2020-07-15,596
The Fosters,https://fmovies.to/film/the-fosters.mj0p,5,22,2020-07-15,599
Once Upon a Time,https://fmovies.to/film/once-upon-a-time.v496,7,22,2020-07-15,603
Manifest,https://fmovies.to/film/manifest.926qx,2,13,2020-07-15,604
Mindhunter,https://fmovies.to/film/mindhunter.z1wr2,2,9,2020-07-15,606
Six,https://fmovies.to/film/six.3rzn2,2,10,2020-07-15,607
Taken,https://fmovies.to/film/taken.2o6w0,2,16,2020-07-15,608
Designated Survivor,https://fmovies.to/film/designated-survivor.qxz83,3,10,2020-07-15,611
The Last Ship,https://fmovies.to/film/the-last-ship.kzr,5,10,2020-07-15,613
Silicon Valley,https://fmovies.to/film/silicon-valley.58xm,6,7,2020-07-15,634
Narcos,https://fmovies.to/film/narcos.vvq2,3,10,2020-07-15,635
iZombie,https://fmovies.to/film/izombie.9360,5,13,2020-07-15,649
Sherlock,https://fmovies.to/film/sherlock.1nwjm,4,3,2020-07-15,652
Younger,https://fmovies.to/film/younger.nk7m,6,12,2020-07-15,656
"""The Wendy Williams Show"" Empire #2",https://fmovies.to/film/quotthe-wendy-williams-showquot-empire-2.4qwk,2,18,2020-07-15,661
Iron Fist,https://fmovies.to/film/iron-fist.yqo0p,2,10,2020-07-15,662
Final Space,https://fmovies.to/film/final-space.oonlz,2,13,2020-07-15,666
The Magicians,https://fmovies.to/film/the-magicians.115x,5,13,2020-07-15,668
It's Always Sunny in Philadelphia,https://fmovies.to/film/its-always-sunny-in-philadelphia.kwwl6,14,8,2020-07-15,669
Blue Bloods,https://fmovies.to/film/blue-bloods.1l9q,10,19,2020-07-15,675
Bull,https://fmovies.to/film/bull.yqjw0,4,20,2020-07-15,690
Van Helsing,https://fmovies.to/film/van-helsing.nz2m,4,13,2020-07-15,705
Agents of S.H.I.E.L.D.,https://fmovies.to/film/agents-of-shield.y3q1,7,7,2020-07-15,717
The Purge,https://fmovies.to/film/the-purge.925p0,2,10,2020-07-15,719
Harley Quinn,https://fmovies.to/film/harley-quinn.ox4zz,2,13,2020-07-15,727
13 Reasons Why,https://fmovies.to/film/13-reasons-why.kwpo9,4,10,2020-07-15,730
Black Mirror,https://fmovies.to/film/black-mirror.opw8,5,3,2020-07-15,731
Keeping Up with the Kardashians,https://fmovies.to/film/keeping-up-with-the-kardashians.rlm2o,18,6,2020-07-15,733
Succession,https://fmovies.to/film/succession.jjkx3,2,10,2020-07-15,734
Station 19,https://fmovies.to/film/station-19.kk6w6,3,16,2020-07-15,735
RuPaul's Drag Race,https://fmovies.to/film/rupauls-drag-race.25rl,11,14,2020-07-15,736
The Bachelorette,https://fmovies.to/film/the-bachelorette.5529,15,13,2020-07-15,743
Siren,https://fmovies.to/film/siren.z135w,3,10,2020-07-15,750
Bob's Burgers,https://fmovies.to/film/bobs-burgers.90z0,10,22,2020-07-15,753
Insecure,https://fmovies.to/film/insecure.52xkj,4,10,2020-07-15,756
Outlander,https://fmovies.to/film/outlander.6ox4,5,12,2020-07-15,758
New Girl,https://fmovies.to/film/new-girl.n878,7,8,2020-07-15,759
Barry,https://fmovies.to/film/barry.0r1q9,2,8,2020-07-15,762
Billions,https://fmovies.to/film/billions.yp2p,5,7,2020-07-15,765
The Neighborhood,https://fmovies.to/film/the-neighborhood.6v6kp,2,22,2020-07-15,767
Killing Eve,https://fmovies.to/film/killing-eve.pj5o4,3,8,2020-07-15,768
Knightfall,https://fmovies.to/film/knightfall.pjyqq,2,8,2020-07-15,769
Teen Mom 2,https://fmovies.to/film/teen-mom-2.j3o8,9,33,2020-07-15,775
Grown-ish,https://fmovies.to/film/grown-ish.7w0m7,3,8,2020-07-15,785
Dark,https://fmovies.to/film/dark.7wzx6,3,8,2020-07-15,791
Good Girls,https://fmovies.to/film/good-girls.1r47v,3,11,2020-07-15,793
Blindspot,https://fmovies.to/film/blindspot.p6o4,5,9,2020-07-15,797
Legion,https://fmovies.to/film/legion.805qv,3,8,2020-07-15,809
Colony,https://fmovies.to/film/colony.ovy5,3,13,2020-07-15,811
2 Broke Girls,https://fmovies.to/film/2-broke-girls.6194,6,22,2020-07-15,813
MacGyver,https://fmovies.to/film/macgyver.ojl7y,4,13,2020-07-15,819
Mom,https://fmovies.to/film/mom.zv32,7,20,2020-07-15,823
Salvation,https://fmovies.to/film/salvation.80643,2,13,2020-07-15,824
PAW Patrol,https://fmovies.to/film/paw-patrol.4qmok,5,34,2020-07-15,839
God Friended Me,https://fmovies.to/film/god-friended-me.qkm4j,2,22,2020-07-15,848
The Outpost,https://fmovies.to/film/the-outpost.wopm4,2,13,2020-07-15,856
The Curse of Oak Island,https://fmovies.to/film/the-curse-of-oak-island.ln63,7,23,2020-07-15,872
The Sopranos,https://fmovies.to/film/the-sopranos.yjo1,6,21,2020-07-15,877
House,https://fmovies.to/film/house.jj62,8,22,2020-07-15,881
Magnum P.I.,https://fmovies.to/film/magnum-pi.qk03n,2,20,2020-07-15,886
Chilling Adventures of Sabrina,https://fmovies.to/film/chilling-adventures-of-sabrina.l3q8m,3,8,2020-07-15,887
Happy!,https://fmovies.to/film/happy.oo3p5,2,10,2020-07-15,892
American Crime Story,https://fmovies.to/film/american-crime-story.k0k6,2,9,2020-07-15,894
Gravity Falls,https://fmovies.to/film/gravity-falls.0023,2,20,2020-07-15,906
Superstore,https://fmovies.to/film/superstore.485o,5,21,2020-07-15,913
Line of Duty,https://fmovies.to/film/line-of-duty.p3m6,5,6,2020-07-15,924
Martin,https://fmovies.to/film/martin.827n,5,24,2020-07-15,926
Elite,https://fmovies.to/film/elite.ykolx,3,8,2020-07-15,927
Timeless,https://fmovies.to/film/timeless.oj408,2,11,2020-07-15,929
Sons of Anarchy,https://fmovies.to/film/sons-of-anarchy.70oj,7,13,2020-07-15,932
Zoey 101,https://fmovies.to/film/zoey-101.x1j8,101,64,2020-07-15,943
Ray Donovan,https://fmovies.to/film/ray-donovan.9o28,7,10,2020-07-15,949
Curb Your Enthusiasm,https://fmovies.to/film/curb-your-enthusiasm.37yy6,10,10,2020-07-15,953
The Shannara Chronicles,https://fmovies.to/film/the-shannara-chronicles.y330,2,10,2020-07-15,954
Ozark,https://fmovies.to/film/ozark.xjpvq,3,10,2020-07-15,957
Doctor Who,https://fmovies.to/film/doctor-who.lxn3,12,9,2020-07-15,964
For The People,https://fmovies.to/film/for-the-people.1r4lp,2,10,2020-07-15,965
The Affair,https://fmovies.to/film/the-affair.3p8r,5,11,2020-07-15,991
The Bold Type,https://fmovies.to/film/the-bold-type.oj2v5,4,15,2020-07-15,995
The End of the F***ing World,https://fmovies.to/film/the-end-of-the-fing-world.xjl88,2,8,2020-07-15,1008
Killjoys,https://fmovies.to/film/killjoys.1nwp,5,10,2020-07-15,1025
The Son,https://fmovies.to/film/the-son.7jro8,2,10,2020-07-15,1029
A Million Little Things,https://fmovies.to/film/a-million-little-things.8n9on,2,19,2020-07-15,1034
StartUp,https://fmovies.to/film/startup.ojxv8,3,10,2020-07-15,1044
Victorious,https://fmovies.to/film/victorious.3r67r,4,13,2020-07-15,1048
The Terror,https://fmovies.to/film/the-terror.5k7q9,2,10,2020-07-15,1057
Grimm,https://fmovies.to/film/grimm.yv6z,6,13,2020-07-15,1069
Fresh Off the Boat,https://fmovies.to/film/fresh-off-the-boat.z512,6,15,2020-07-15,1078
Instinct,https://fmovies.to/film/instinct.7w94y,2,11,2020-07-15,1079
The X-Files,https://fmovies.to/film/the-x-files.jvyr2,11,10,2020-07-15,1091
Anne with an E,https://fmovies.to/film/anne-with-an-e.xrn58,3,10,2020-07-15,1092
Altered Carbon,https://fmovies.to/film/altered-carbon.l325n,2,8,2020-07-15,1106
Famous in Love,https://fmovies.to/film/famous-in-love.1nm2m,2,10,2020-07-15,1107
Z Nation,https://fmovies.to/film/z-nation.jyy,5,13,2020-07-15,1109
Attack on Titan,https://fmovies.to/film/attack-on-titan.4w3x,2,12,2020-07-15,1130
Narcos: Mexico,https://fmovies.to/film/narcos-mexico.jj94n,2,10,2020-07-15,1133
Big Mouth,https://fmovies.to/film/big-mouth.jj2pn,3,10,2020-07-15,1135
The Expanse,https://fmovies.to/film/the-expanse.yw71,4,10,2020-07-15,1137
Black Ink Crew: Chicago,https://fmovies.to/film/black-ink-crew-chicago.jwxy,5,9,2020-07-15,1141
Gold Rush: Alaska,https://fmovies.to/film/gold-rush-alaska.vv4m7,10,24,2020-07-15,1145
Temptation Island,https://fmovies.to/film/temptation-island.0rjyr,2,12,2020-07-15,1151
NCIS: New Orleans,https://fmovies.to/film/ncis-new-orleans.kw154,6,20,2020-07-15,1153
The Mentalist,https://fmovies.to/film/the-mentalist.q6r3,7,12,2020-07-15,1155
Lost in Space,https://fmovies.to/film/lost-in-space.qk9m3,2,10,2020-07-15,1157
Survivor,https://fmovies.to/film/survivor.qxqow,40,14,2020-07-15,1164
Ransom,https://fmovies.to/film/ransom.52860,3,13,2020-07-15,1176
Are You the One?,https://fmovies.to/film/are-you-the-one.8zkq,8,11,2020-07-15,1177
Two and a Half Men,https://fmovies.to/film/two-and-a-half-men.m2wq8,12,16,2020-07-15,1179
Impulse,https://fmovies.to/film/impulse.kk7o6,2,10,2020-07-15,1181
The Last Man on Earth,https://fmovies.to/film/the-last-man-on-earth.kkyr,4,18,2020-07-15,1189
Sex and the City,https://fmovies.to/film/sex-and-the-city.pmxx,6,20,2020-07-15,1192
Scream: The TV Series,https://fmovies.to/film/scream-the-tv-series.7vwj,3,6,2020-07-15,1193
The Real Housewives of Atlanta,https://fmovies.to/film/the-real-housewives-of-atlanta.pr1o4,12,26,2020-07-15,1206
America's Next Top Model,https://fmovies.to/film/americas-next-top-model.zl443,24,14,2020-07-15,1212
Deep State,https://fmovies.to/film/deep-state.jj50n,2,8,2020-07-15,1214
Judge Judy,https://fmovies.to/film/judge-judy.jj602,23,213,2020-07-15,1219
The Grand Tour,https://fmovies.to/film/the-grand-tour.ll623,4,1,2020-07-15,1236
Wynonna Earp,https://fmovies.to/film/wynonna-earp.lmrm,3,12,2020-07-15,1237
The Mick,https://fmovies.to/film/the-mick.808vn,2,20,2020-07-15,1246
Schitt's Creek,https://fmovies.to/film/schitts-creek.4q0ok,6,14,2020-07-15,1248
Strike Back,https://fmovies.to/film/strike-back.113w,8,10,2020-07-15,1249
Castle Rock,https://fmovies.to/film/castle-rock.5k5kv,2,10,2020-07-15,1252
SpongeBob SquarePants,https://fmovies.to/film/spongebob-squarepants.q82v,12,2,2020-07-15,1254
Star Wars Rebels,https://fmovies.to/film/star-wars-rebels.y39p,4,16,2020-07-15,1260
"Roswell, New Mexico",https://fmovies.to/film/roswell-new-mexico.mqk4p,2,13,2020-07-15,1265
Runaways,https://fmovies.to/film/runaways.wo8nk,3,10,2020-07-15,1269
Wizards of Waverly Place,https://fmovies.to/film/wizards-of-waverly-place.7j738,4,27,2020-07-15,1270
Avengers Assemble,https://fmovies.to/film/avengers-assemble.04w7,5,23,2020-07-15,1272
The Last Kingdom,https://fmovies.to/film/the-last-kingdom.x07q,4,10,2020-07-15,1275
Veronica Mars,https://fmovies.to/film/veronica-mars.pxmq,4,8,2020-07-15,1279
Santa Clarita Diet,https://fmovies.to/film/santa-clarita-diet.7j5o7,3,10,2020-07-15,1281
Dance Moms,https://fmovies.to/film/dance-moms.l1jm,8,12,2020-07-15,1285
Smallville,https://fmovies.to/film/smallville.30n9,10,22,2020-07-15,1288
Sneaky Pete,https://fmovies.to/film/sneaky-pete.vvoj7,3,10,2020-07-15,1290
Madam Secretary,https://fmovies.to/film/madam-secretary.lz4m,6,10,2020-07-15,1296
Fleabag,https://fmovies.to/film/fleabag.n3kql,2,6,2020-07-15,1312
Harrow,https://fmovies.to/film/harrow.l35lm,2,10,2020-07-15,1313
MasterChef Australia,https://fmovies.to/film/masterchef-australia.1np0w,12,58,2020-07-15,1320
Poldark,https://fmovies.to/film/poldark.3jly,5,8,2020-07-15,1324
Futurama,https://fmovies.to/film/futurama.w1m17,7,26,2020-07-15,1327
The Fresh Prince of Bel-Air,https://fmovies.to/film/the-fresh-prince-of-bel-air.olky,6,24,2020-07-15,1339
The First 48,https://fmovies.to/film/the-first-48.qxkzv,15,31,2020-07-15,1343
Private Eyes,https://fmovies.to/film/private-eyes.l0yq,3,12,2020-07-15,1357
Ash vs Evil Dead,https://fmovies.to/film/ash-vs-evil-dead.qzzv,3,10,2020-07-15,1369
Hell's Kitchen,https://fmovies.to/film/hells-kitchen.w1zqo,18,13,2020-07-15,1380
Shark Tank,https://fmovies.to/film/shark-tank.r1wn,11,24,2020-07-15,1387
"Midnight, Texas",https://fmovies.to/film/midnight-texas.prnzj,2,9,2020-07-15,1404
The Wire,https://fmovies.to/film/the-wire.2wzl,5,10,2020-07-15,1414
House of Cards,https://fmovies.to/film/house-of-cards.z1ow,6,8,2020-07-15,1415
Insatiable,https://fmovies.to/film/insatiable.nrj0n,2,10,2020-07-15,1430
Bones,https://fmovies.to/film/bones.w5wk,12,12,2020-07-15,1432
Saturday Night Live,https://fmovies.to/film/saturday-night-live.jv05n,45,18,2020-07-15,1436
What We Do in the Shadows,https://fmovies.to/film/what-we-do-in-the-shadows.qk4x3,2,10,2020-07-15,1439
